Stock Symbol,Stock URL
RELIANCE,https://www.screener.in/company/RELIANCE/consolidated/
TCS,https://www.screener.in/company/TCS/consolidated/
HDFCBANK,https://www.screener.in/company/HDFCBANK/consolidated/
BHARTIARTL,https://www.screener.in/company/BHARTIARTL/consolidated/
ICICIBANK,https://www.screener.in/company/ICICIBANK/consolidated/
INFY,https://www.screener.in/company/INFY/consolidated/
SBIN,https://www.screener.in/company/SBIN/consolidated/
LICI,https://www.screener.in/company/LICI/consolidated/
HINDUNILVR,https://www.screener.in/company/HINDUNILVR/consolidated/
ITC,https://www.screener.in/company/ITC/consolidated/
LTIM,https://www.screener.in/company/LTIM/consolidated/
HCLTECH,https://www.screener.in/company/HCLTECH/consolidated/
BAJFINANCE,https://www.screener.in/company/BAJFINANCE/consolidated/
SUNPHARMA,https://www.screener.in/company/SUNPHARMA/consolidated/
NTPC,https://www.screener.in/company/NTPC/consolidated/
MARUTI,https://www.screener.in/company/MARUTI/consolidated/
AXISBANK,https://www.screener.in/company/AXISBANK/consolidated/
ONGC,https://www.screener.in/company/ONGC/consolidated/
MARUTI,https://www.screener.in/company/MARUTI/consolidated/
KOTAKBANK,https://www.screener.in/company/KOTAKBANK/consolidated/
TATAMOTORS,https://www.screener.in/company/TATAMOTORS/consolidated/
ADANIENT,https://www.screener.in/company/ADANIENT/consolidated/
ULTRACEMCO,https://www.screener.in/company/ULTRACEMCO/consolidated/
POWERGRID,https://www.screener.in/company/POWERGRID/consolidated/
515147,https://www.screener.in/company/515147/consolidated/
TITAN,https://www.screener.in/company/TITAN/consolidated/
ADANIPORTS,https://www.screener.in/company/ADANIPORTS/consolidated/
DMART,https://www.screener.in/company/DMART/consolidated/
COALINDIA,https://www.screener.in/company/COALINDIA/consolidated/
WIPRO,https://www.screener.in/company/WIPRO/consolidated/
BAJAJ-AUTO,https://www.screener.in/company/BAJAJ-AUTO/consolidated/
ASIANPAINT,https://www.screener.in/company/ASIANPAINT/consolidated/
BAJAJFINSV,https://www.screener.in/company/BAJAJFINSV/consolidated/
ADANIGREEN,https://www.screener.in/company/ADANIGREEN/consolidated/
SIEMENS,https://www.screener.in/company/SIEMENS/consolidated/
ADANIPOWER,https://www.screener.in/company/ADANIPOWER/consolidated/
TRENT,https://www.screener.in/company/TRENT/consolidated/
NESTLEIND,https://www.screener.in/company/NESTLEIND/
JSWSTEEL,https://www.screener.in/company/JSWSTEEL/consolidated/
ZOMATO,https://www.screener.in/company/ZOMATO/consolidated/
HINDZINC,https://www.screener.in/company/HINDZINC/
IOC,https://www.screener.in/company/IOC/consolidated/
539399,https://www.screener.in/company/539399/
IRFC,https://www.screener.in/company/IRFC/
JIOFIN,https://www.screener.in/company/JIOFIN/consolidated/
DLF,https://www.screener.in/company/DLF/consolidated/
VBL,https://www.screener.in/company/VBL/consolidated/
TATASTEEL,https://www.screener.in/company/TATASTEEL/consolidated/
VEDL,https://www.screener.in/company/VEDL/consolidated/
LTIM,https://www.screener.in/company/LTIM/consolidated/
GRASIM,https://www.screener.in/company/GRASIM/consolidated/
INDIGOPNTS,https://www.screener.in/company/INDIGOPNTS/
SBILIFE,https://www.screener.in/company/SBILIFE/
PFC,https://www.screener.in/company/PFC/consolidated/
ABBOTINDIA,https://www.screener.in/company/ABBOTINDIA/
TECHM,https://www.screener.in/company/TECHM/consolidated/
PIDILITIND,https://www.screener.in/company/PIDILITIND/consolidated/
HINDALCO,https://www.screener.in/company/HINDALCO/consolidated/
AMBUJACEM,https://www.screener.in/company/AMBUJACEM/consolidated/
HYUNDAI,https://www.screener.in/company/HYUNDAI/
HDFCLIFE,https://www.screener.in/company/HDFCLIFE/consolidated/
RECLTD,https://www.screener.in/company/RECLTD/consolidated/
DIVISLAB,https://www.screener.in/company/DIVISLAB/consolidated/
GAIL,https://www.screener.in/company/GAIL/consolidated/
BPCL,https://www.screener.in/company/BPCL/consolidated/
TATAPOWER,https://www.screener.in/company/TATAPOWER/consolidated/
GODREJCP,https://www.screener.in/company/GODREJCP/consolidated/
BRITANNIA,https://www.screener.in/company/BRITANNIA/consolidated/
EICHERMOT,https://www.screener.in/company/EICHERMOT/consolidated/
MOTHERSON,https://www.screener.in/company/MOTHERSON/consolidated/
LODHA,https://www.screener.in/company/LODHA/consolidated/
BANKBARODA,https://www.screener.in/company/BANKBARODA/consolidated/
CIPLA,https://www.screener.in/company/CIPLA/consolidated/
JSWENERGY,https://www.screener.in/company/JSWENERGY/consolidated/
TVSMOTOR,https://www.screener.in/company/TVSMOTOR/consolidated/
PNBHOUSING,https://www.screener.in/company/PNBHOUSING/
SHRIRAMFIN,https://www.screener.in/company/SHRIRAMFIN/consolidated/
CHOLAFIN,https://www.screener.in/company/CHOLAFIN/consolidated/
BAJAJHFL,https://www.screener.in/company/BAJAJHFL/
SWIGGY,https://www.screener.in/company/SWIGGY/consolidated/
BAJAJHLDNG,https://www.screener.in/company/BAJAJHLDNG/consolidated/
NTPCGREEN,https://www.screener.in/company/NTPCGREEN/consolidated/
HAVELLS,https://www.screener.in/company/HAVELLS/consolidated/
ADANIENSOL,https://www.screener.in/company/ADANIENSOL/consolidated/
CGPOWER,https://www.screener.in/company/CGPOWER/consolidated/
TORNTPHARM,https://www.screener.in/company/TORNTPHARM/consolidated/
DRREDDY,https://www.screener.in/company/DRREDDY/consolidated/
IOB,https://www.screener.in/company/IOB/
ZYDUSLIFE,https://www.screener.in/company/ZYDUSLIFE/consolidated/
TATACONSUM,https://www.screener.in/company/TATACONSUM/consolidated/
UNITDSPR,https://www.screener.in/company/UNITDSPR/consolidated/
RVNL,https://www.screener.in/company/RVNL/
HEROMOTOCO,https://www.screener.in/company/HEROMOTOCO/consolidated/
DABUR,https://www.screener.in/company/DABUR/consolidated/
ICICIPRULI,https://www.screener.in/company/ICICIPRULI/consolidated/
BOSCHLTD,https://www.screener.in/company/BOSCHLTD/
POLYCAB,https://www.screener.in/company/POLYCAB/consolidated/
INDUSTOWER,https://www.screener.in/company/INDUSTOWER/consolidated/
CUMMINSIND,https://www.screener.in/company/CUMMINSIND/
NAUKRI,https://www.screener.in/company/NAUKRI/consolidated/
INDHOTEL,https://www.screener.in/company/INDHOTEL/consolidated/
APOLLOHOSP,https://www.screener.in/company/APOLLOHOSP/consolidated/
MANKIND,https://www.screener.in/company/MANKIND/
OFSS,https://www.screener.in/company/OFSS/consolidated/
INDUSINDBK,https://www.screener.in/company/INDUSINDBK/
ICICIGI,https://www.screener.in/company/ICICIGI/
JINDALSTEL,https://www.screener.in/company/JINDALSTEL/consolidated/
SOLARINDS,https://www.screener.in/company/SOLARINDS/consolidated/
CANBK,https://www.screener.in/company/CANBK/consolidated/
LUPIN,https://www.screener.in/company/LUPIN/consolidated/
MAXHEALTH,https://www.screener.in/company/MAXHEALTH/consolidated/
SUZLON,https://www.screener.in/company/SUZLON/consolidated/
BHEL,https://www.screener.in/company/BHEL/consolidated/
UNIONBANK,https://www.screener.in/company/UNIONBANK/consolidated/
SHREECEM,https://www.screener.in/company/SHREECEM/consolidated/
IDBI,https://www.screener.in/company/IDBI/consolidated/
NHPC,https://www.screener.in/company/NHPC/consolidated/
HDFCAMC,https://www.screener.in/company/HDFCAMC/
MAZDOCK,https://www.screener.in/company/MAZDOCK/consolidated/
OIL,https://www.screener.in/company/OIL/consolidated/
COLPAL,https://www.screener.in/company/COLPAL/
ATGL,https://www.screener.in/company/ATGL/consolidated/
DIXON,https://www.screener.in/company/DIXON/consolidated/
MARICO,https://www.screener.in/company/MARICO/consolidated/
PERSISTENT,https://www.screener.in/company/PERSISTENT/consolidated/
HINDPETRO,https://www.screener.in/company/HINDPETRO/consolidated/
WAAREEENER,https://www.screener.in/company/WAAREEENER/consolidated/
GODREJPROP,https://www.screener.in/company/GODREJPROP/consolidated/
TORNTPOWER,https://www.screener.in/company/TORNTPOWER/consolidated/
GMRAIRPORT,https://www.screener.in/company/GMRAIRPORT/consolidated/
AUROPHARMA,https://www.screener.in/company/AUROPHARMA/consolidated/
IDEAFORGE,https://www.screener.in/company/IDEAFORGE/consolidated/
POLICYBZR,https://www.screener.in/company/POLICYBZR/consolidated/
TIINDIA,https://www.screener.in/company/TIINDIA/consolidated/
MUTHOOTFIN,https://www.screener.in/company/MUTHOOTFIN/
INDIANB,https://www.screener.in/company/INDIANB/consolidated/
PRESTIGE,https://www.screener.in/company/PRESTIGE/consolidated/
IRCTC,https://www.screener.in/company/IRCTC/
SRF,https://www.screener.in/company/SRF/consolidated/
YESBANK,https://www.screener.in/company/YESBANK/consolidated/
GICRE,https://www.screener.in/company/GICRE/consolidated/
BHARATFORG,https://www.screener.in/company/BHARATFORG/consolidated/
OBEROIRLTY,https://www.screener.in/company/OBEROIRLTY/consolidated/
SBICARD,https://www.screener.in/company/SBICARD/
ASHOKLEY,https://www.screener.in/company/ASHOKLEY/consolidated/
ALKEM,https://www.screener.in/company/ALKEM/consolidated/
JSWINFRA,https://www.screener.in/company/JSWINFRA/consolidated/
KALYANKJIL,https://www.screener.in/company/KALYANKJIL/consolidated/
NMDC,https://www.screener.in/company/NMDC/consolidated/
BHARTIHEXA,https://www.screener.in/company/BHARTIHEXA/
PIIND,https://www.screener.in/company/PIIND/consolidated/
SUPREMEIND,https://www.screener.in/company/SUPREMEIND/consolidated/
LINDEINDIA,https://www.screener.in/company/LINDEINDIA/
PATANJALI,https://www.screener.in/company/PATANJALI/
BERGEPAINT,https://www.screener.in/company/BERGEPAINT/consolidated/
FACT,https://www.screener.in/company/FACT/
PHOENIXLTD,https://www.screener.in/company/PHOENIXLTD/consolidated/
IREDA,https://www.screener.in/company/IREDA/
504080,https://www.screener.in/company/504080/
UNOMINDA,https://www.screener.in/company/UNOMINDA/consolidated/
SCHAEFFLER,https://www.screener.in/company/SCHAEFFLER/
UCOBANK,https://www.screener.in/company/UCOBANK/
THERMAX,https://www.screener.in/company/THERMAX/consolidated/
BALKRISIND,https://www.screener.in/company/BALKRISIND/consolidated/
VOLTAS,https://www.screener.in/company/VOLTAS/consolidated/
MRF,https://www.screener.in/company/MRF/consolidated/
MPHASIS,https://www.screener.in/company/MPHASIS/consolidated/
CONCORDBIO,https://www.screener.in/company/CONCORDBIO/
ABCAPITAL,https://www.screener.in/company/ABCAPITAL/consolidated/
LTTS,https://www.screener.in/company/LTTS/
POWERINDIA,https://www.screener.in/company/POWERINDIA/
543541,https://www.screener.in/company/543541/
TATACOMM,https://www.screener.in/company/TATACOMM/consolidated/
NYKAA,https://www.screener.in/company/NYKAA/consolidated/
UBL,https://www.screener.in/company/UBL/consolidated/
PGHH,https://www.screener.in/company/PGHH/
ASTRAL,https://www.screener.in/company/ASTRAL/consolidated/
IDFCFIRSTB,https://www.screener.in/company/IDFCFIRSTB/consolidated/
PETRONET,https://www.screener.in/company/PETRONET/
BANKINDIA,https://www.screener.in/company/BANKINDIA/consolidated/
HUDCO,https://www.screener.in/company/HUDCO/consolidated/
PREMIERENE,https://www.screener.in/company/PREMIERENE/consolidated/
CENTRALBK,https://www.screener.in/company/CENTRALBK/consolidated/
BSE,https://www.screener.in/company/BSE/consolidated/
SUNDARMFIN,https://www.screener.in/company/SUNDARMFIN/consolidated/
COROMANDEL,https://www.screener.in/company/COROMANDEL/consolidated/
SJVN,https://www.screener.in/company/SJVN/consolidated/
COCHINSHIP,https://www.screener.in/company/COCHINSHIP/
FEDERALBNK,https://www.screener.in/company/FEDERALBNK/consolidated/
PAGEIND,https://www.screener.in/company/PAGEIND/
COFORGE,https://www.screener.in/company/COFORGE/consolidated/
AUBANK,https://www.screener.in/company/AUBANK/
VMM,https://www.screener.in/company/VMM/consolidated/
MOTILALOFS,https://www.screener.in/company/MOTILALOFS/consolidated/
LLOYDSME,https://www.screener.in/company/LLOYDSME/
BDL,https://www.screener.in/company/BDL/
KPITTECH,https://www.screener.in/company/KPITTECH/consolidated/
TATAELXSI,https://www.screener.in/company/TATAELXSI/
GVT&D,https://www.screener.in/company/GVT&D/
GLENMARK,https://www.screener.in/company/GLENMARK/consolidated/
GLAXO,https://www.screener.in/company/GLAXO/consolidated/
ACC,https://www.screener.in/company/ACC/consolidated/
FORTIS,https://www.screener.in/company/FORTIS/consolidated/
PAYTM,https://www.screener.in/company/PAYTM/consolidated/
AWL,https://www.screener.in/company/AWL/
NAM-INDIA,https://www.screener.in/company/NAM-INDIA/consolidated/
HONAUT,https://www.screener.in/company/HONAUT/
OLAELEC,https://www.screener.in/company/OLAELEC/consolidated/
FLUOROCHEM,https://www.screener.in/company/FLUOROCHEM/consolidated/
MAHABANK,https://www.screener.in/company/MAHABANK/consolidated/
BIOCON,https://www.screener.in/company/BIOCON/consolidated/
UPL,https://www.screener.in/company/UPL/consolidated/
ESCORTS,https://www.screener.in/company/ESCORTS/consolidated/
JUBLFOOD,https://www.screener.in/company/JUBLFOOD/consolidated/
APLAPOLLO,https://www.screener.in/company/APLAPOLLO/consolidated/
EXIDEIND,https://www.screener.in/company/EXIDEIND/consolidated/
SONACOMS,https://www.screener.in/company/SONACOMS/consolidated/
TATATECH,https://www.screener.in/company/TATATECH/consolidated/
LTFOODS,https://www.screener.in/company/LTFOODS/consolidated/
GUJGASLTD,https://www.screener.in/company/GUJGASLTD/
360ONE,https://www.screener.in/company/360ONE/consolidated/
3MINDIA,https://www.screener.in/company/3MINDIA/
MFSL,https://www.screener.in/company/MFSL/consolidated/
KEI,https://www.screener.in/company/KEI/
AIAENG,https://www.screener.in/company/AIAENG/consolidated/
DEEPAKNTR,https://www.screener.in/company/DEEPAKNTR/consolidated/
NATIONALUM,https://www.screener.in/company/NATIONALUM/
BLUESTARCO,https://www.screener.in/company/BLUESTARCO/consolidated/
NIACL,https://www.screener.in/company/NIACL/consolidated/
PSB,https://www.screener.in/company/PSB/
APARINDS,https://www.screener.in/company/APARINDS/consolidated/
AJANTPHARM,https://www.screener.in/company/AJANTPHARM/consolidated/
IPCALAB,https://www.screener.in/company/IPCALAB/consolidated/
LICHSGFIN,https://www.screener.in/company/LICHSGFIN/consolidated/
NLCINDIA,https://www.screener.in/company/NLCINDIA/consolidated/
MARUTI,https://www.screener.in/company/MARUTI/consolidated/
IRB,https://www.screener.in/company/IRB/consolidated/
CRISIL,https://www.screener.in/company/CRISIL/consolidated/
GODREJIND,https://www.screener.in/company/GODREJIND/consolidated/
DALBHARAT,https://www.screener.in/company/DALBHARAT/consolidated/
SYNGENE,https://www.screener.in/company/SYNGENE/consolidated/
ENDURANCE,https://www.screener.in/company/ENDURANCE/consolidated/
METROBRAND,https://www.screener.in/company/METROBRAND/consolidated/
JKCEMENT,https://www.screener.in/company/JKCEMENT/consolidated/
KAYNES,https://www.screener.in/company/KAYNES/consolidated/
TATAINVEST,https://www.screener.in/company/TATAINVEST/consolidated/
IKS,https://www.screener.in/company/IKS/consolidated/
IGL,https://www.screener.in/company/IGL/
ABFRL,https://www.screener.in/company/ABFRL/consolidated/
APOLLOTYRE,https://www.screener.in/company/APOLLOTYRE/consolidated/
FIRSTCRY,https://www.screener.in/company/FIRSTCRY/consolidated/
STARHEALTH,https://www.screener.in/company/STARHEALTH/
GODIGIT,https://www.screener.in/company/GODIGIT/
MRPL,https://www.screener.in/company/MRPL/consolidated/
EMAMILTD,https://www.screener.in/company/EMAMILTD/consolidated/
KPRMILL,https://www.screener.in/company/KPRMILL/consolidated/
CHOLAHLDNG,https://www.screener.in/company/CHOLAHLDNG/consolidated/
SUNTV,https://www.screener.in/company/SUNTV/consolidated/
CDSL,https://www.screener.in/company/CDSL/consolidated/
MANYAVAR,https://www.screener.in/company/MANYAVAR/
BANDHANBNK,https://www.screener.in/company/BANDHANBNK/
GLAND,https://www.screener.in/company/GLAND/consolidated/
GODFRYPHLP,https://www.screener.in/company/GODFRYPHLP/consolidated/
MEDANTA,https://www.screener.in/company/MEDANTA/consolidated/
MSUMI,https://www.screener.in/company/MSUMI/
BRIGADE,https://www.screener.in/company/BRIGADE/consolidated/
NBCC,https://www.screener.in/company/NBCC/consolidated/
HINDCOPPER,https://www.screener.in/company/HINDCOPPER/
POONAWALLA,https://www.screener.in/company/POONAWALLA/consolidated/
PPLPHARMA,https://www.screener.in/company/PPLPHARMA/consolidated/
SUVENPHAR,https://www.screener.in/company/SUVENPHAR/consolidated/
JBCHEPHARM,https://www.screener.in/company/JBCHEPHARM/consolidated/
DELHIVERY,https://www.screener.in/company/DELHIVERY/consolidated/
GILLETTE,https://www.screener.in/company/GILLETTE/
CARBORUNIV,https://www.screener.in/company/CARBORUNIV/consolidated/
ABREL,https://www.screener.in/company/ABREL/consolidated/
BASF,https://www.screener.in/company/BASF/
ZFCVINDIA,https://www.screener.in/company/ZFCVINDIA/
AEGISLOG,https://www.screener.in/company/AEGISLOG/consolidated/
ITI,https://www.screener.in/company/ITI/
RADICO,https://www.screener.in/company/RADICO/
SUNDRMFAST,https://www.screener.in/company/SUNDRMFAST/consolidated/
TIMKEN,https://www.screener.in/company/TIMKEN/
TATACHEM,https://www.screener.in/company/TATACHEM/consolidated/
CROMPTON,https://www.screener.in/company/CROMPTON/consolidated/
ISEC,https://www.screener.in/company/ISEC/consolidated/
JYOTICNC,https://www.screener.in/company/JYOTICNC/consolidated/
SUMICHEM,https://www.screener.in/company/SUMICHEM/
LALPATHLAB,https://www.screener.in/company/LALPATHLAB/consolidated/
INOXWIND,https://www.screener.in/company/INOXWIND/consolidated/
HSCL,https://www.screener.in/company/HSCL/consolidated/
LAURUSLABS,https://www.screener.in/company/LAURUSLABS/consolidated/
EMCURE,https://www.screener.in/company/EMCURE/consolidated/
TVSHLTD,https://www.screener.in/company/TVSHLTD/consolidated/
GRINDWELL,https://www.screener.in/company/GRINDWELL/consolidated/
AIIL,https://www.screener.in/company/AIIL/
WHIRLPOOL,https://www.screener.in/company/WHIRLPOOL/consolidated/
SKFINDIA,https://www.screener.in/company/SKFINDIA/
526851,https://www.screener.in/company/526851/
HATSUN,https://www.screener.in/company/HATSUN/
NHPC,https://www.screener.in/company/NHPC/consolidated/
NATCOPHARM,https://www.screener.in/company/NATCOPHARM/consolidated/
KEC,https://www.screener.in/company/KEC/consolidated/
RATNAMANI,https://www.screener.in/company/RATNAMANI/consolidated/
PFIZER,https://www.screener.in/company/PFIZER/
EIHOTEL,https://www.screener.in/company/EIHOTEL/consolidated/
CESC,https://www.screener.in/company/CESC/consolidated/
KIOCL,https://www.screener.in/company/KIOCL/
PELATRO,https://www.screener.in/company/PELATRO/consolidated/
POLYMED,https://www.screener.in/company/POLYMED/consolidated/
ANGELONE,https://www.screener.in/company/ANGELONE/consolidated/
PNBHOUSING,https://www.screener.in/company/PNBHOUSING/
IGIL,https://www.screener.in/company/IGIL/
CASTROLIND,https://www.screener.in/company/CASTROLIND/
KANSAINER,https://www.screener.in/company/KANSAINER/consolidated/
NUVAMA,https://www.screener.in/company/NUVAMA/consolidated/
IRCON,https://www.screener.in/company/IRCON/consolidated/
JWL,https://www.screener.in/company/JWL/
TRITURBINE,https://www.screener.in/company/TRITURBINE/consolidated/
SHYAMMETL,https://www.screener.in/company/SHYAMMETL/consolidated/
ANANTRAJ,https://www.screener.in/company/ANANTRAJ/consolidated/
FSL,https://www.screener.in/company/FSL/consolidated/
ATUL,https://www.screener.in/company/ATUL/consolidated/
CAMS,https://www.screener.in/company/CAMS/
AFFLE,https://www.screener.in/company/AFFLE/consolidated/
TEJASNET,https://www.screener.in/company/TEJASNET/consolidated/
FIVESTAR,https://www.screener.in/company/FIVESTAR/
APLLTD,https://www.screener.in/company/APLLTD/consolidated/
ABSLAMC,https://www.screener.in/company/ABSLAMC/consolidated/
JBMA,https://www.screener.in/company/JBMA/consolidated/
KAJARIACER,https://www.screener.in/company/KAJARIACER/consolidated/
DEVYANI,https://www.screener.in/company/DEVYANI/consolidated/
GRSE,https://www.screener.in/company/GRSE/
CYIENT,https://www.screener.in/company/CYIENT/consolidated/
GSPL,https://www.screener.in/company/GSPL/consolidated/
FINCABLES,https://www.screener.in/company/FINCABLES/
ELGIEQUIP,https://www.screener.in/company/ELGIEQUIP/consolidated/
KIMS,https://www.screener.in/company/KIMS/consolidated/
KPIL,https://www.screener.in/company/KPIL/consolidated/
ASTERDM,https://www.screener.in/company/ASTERDM/consolidated/
RAMCOCEM,https://www.screener.in/company/RAMCOCEM/consolidated/
JINDALSAW,https://www.screener.in/company/JINDALSAW/consolidated/
BIKAJI,https://www.screener.in/company/BIKAJI/
AARTIIND,https://www.screener.in/company/AARTIIND/consolidated/
CIEINDIA,https://www.screener.in/company/CIEINDIA/consolidated/
CHAMBLFERT,https://www.screener.in/company/CHAMBLFERT/consolidated/
VINATIORGA,https://www.screener.in/company/VINATIORGA/
SIGNATURE,https://www.screener.in/company/SIGNATURE/consolidated/
SWANENERGY,https://www.screener.in/company/SWANENERGY/consolidated/
CONCORDBIO,https://www.screener.in/company/CONCORDBIO/
NCC,https://www.screener.in/company/NCC/consolidated/
VGUARD,https://www.screener.in/company/VGUARD/
PTCIL,https://www.screener.in/company/PTCIL/consolidated/
SCHNEIDER,https://www.screener.in/company/SCHNEIDER/
IIFL,https://www.screener.in/company/IIFL/consolidated/
RELAXO,https://www.screener.in/company/RELAXO/
HFCL,https://www.screener.in/company/HFCL/consolidated/
BLUEDART,https://www.screener.in/company/BLUEDART/consolidated/
CHALET,https://www.screener.in/company/CHALET/consolidated/
CELLO,https://www.screener.in/company/CELLO/consolidated/
AFCONS,https://www.screener.in/company/AFCONS/consolidated/
AADHARHFC,https://www.screener.in/company/AADHARHFC/consolidated/
WELCORP,https://www.screener.in/company/WELCORP/consolidated/
TBOTEK,https://www.screener.in/company/TBOTEK/consolidated/
BATAINDIA,https://www.screener.in/company/BATAINDIA/consolidated/
RRKABEL,https://www.screener.in/company/RRKABEL/
TRIDENT,https://www.screener.in/company/TRIDENT/consolidated/
SAGILITY,https://www.screener.in/company/SAGILITY/consolidated/
JYOTHYLAB,https://www.screener.in/company/JYOTHYLAB/consolidated/
FINPIPE,https://www.screener.in/company/FINPIPE/consolidated/
TITAGARH,https://www.screener.in/company/TITAGARH/consolidated/
IDFCFIRSTB,https://www.screener.in/company/IDFCFIRSTB/consolidated/
TECHNOE,https://www.screener.in/company/TECHNOE/consolidated/
SONATSOFTW,https://www.screener.in/company/SONATSOFTW/consolidated/
CREDITACC,https://www.screener.in/company/CREDITACC/
KFINTECH,https://www.screener.in/company/KFINTECH/consolidated/
GESHIP,https://www.screener.in/company/GESHIP/consolidated/
ERIS,https://www.screener.in/company/ERIS/consolidated/
AMBER,https://www.screener.in/company/AMBER/consolidated/
KARURVYSYA,https://www.screener.in/company/KARURVYSYA/
CENTURYPLY,https://www.screener.in/company/CENTURYPLY/consolidated/
KIRLOSENG,https://www.screener.in/company/KIRLOSENG/consolidated/
JAIBALAJI,https://www.screener.in/company/JAIBALAJI/consolidated/
IFCI,https://www.screener.in/company/IFCI/consolidated/
ASTRAZEN,https://www.screener.in/company/ASTRAZEN/
LMW,https://www.screener.in/company/LMW/consolidated/
BBTC,https://www.screener.in/company/BBTC/consolidated/
BEML,https://www.screener.in/company/BEML/consolidated/
BSOFT,https://www.screener.in/company/BSOFT/consolidated/
RKFORGE,https://www.screener.in/company/RKFORGE/consolidated/
DCMSHRIRAM,https://www.screener.in/company/DCMSHRIRAM/consolidated/
NAVINFLUOR,https://www.screener.in/company/NAVINFLUOR/consolidated/
WOCKPHARMA,https://www.screener.in/company/WOCKPHARMA/consolidated/
ASAHIINDIA,https://www.screener.in/company/ASAHIINDIA/consolidated/
CGCL,https://www.screener.in/company/CGCL/consolidated/
ZENSARTECH,https://www.screener.in/company/ZENSARTECH/consolidated/
IEX,https://www.screener.in/company/IEX/
HBLENGINE,https://www.screener.in/company/HBLENGINE/consolidated/
NEWGEN,https://www.screener.in/company/NEWGEN/
VENTIVE,https://www.screener.in/company/VENTIVE/
APTUS,https://www.screener.in/company/APTUS/consolidated/
SOBHA,https://www.screener.in/company/SOBHA/consolidated/
ANANDRATHI,https://www.screener.in/company/ANANDRATHI/consolidated/
BLS,https://www.screener.in/company/BLS/consolidated/
JUBLPHARMA,https://www.screener.in/company/JUBLPHARMA/consolidated/
WELSPUNLIV,https://www.screener.in/company/WELSPUNLIV/consolidated/
TTML,https://www.screener.in/company/TTML/
NEULANDLAB,https://www.screener.in/company/NEULANDLAB/consolidated/
INDIAMART,https://www.screener.in/company/INDIAMART/consolidated/
PCBL,https://www.screener.in/company/PCBL/consolidated/
531525,https://www.screener.in/company/531525/consolidated/
AKZOINDIA,https://www.screener.in/company/AKZOINDIA/
MANAPPURAM,https://www.screener.in/company/MANAPPURAM/consolidated/
MGL,https://www.screener.in/company/MGL/
KIRLOSBROS,https://www.screener.in/company/KIRLOSBROS/consolidated/
DOMS,https://www.screener.in/company/DOMS/consolidated/
PGEL,https://www.screener.in/company/PGEL/consolidated/
CLEAN,https://www.screener.in/company/CLEAN/consolidated/
FINEORG,https://www.screener.in/company/FINEORG/
GRINFRA,https://www.screener.in/company/GRINFRA/consolidated/
ZENTEC,https://www.screener.in/company/ZENTEC/consolidated/
ACMESOLAR,https://www.screener.in/company/ACMESOLAR/consolidated/
RITES,https://www.screener.in/company/RITES/consolidated/
REDINGTON,https://www.screener.in/company/REDINGTON/consolidated/
SAILIFE,https://www.screener.in/company/SAILIFE/consolidated/
KSB,https://www.screener.in/company/KSB/consolidated/
UTIAMC,https://www.screener.in/company/UTIAMC/consolidated/
SANOFI,https://www.screener.in/company/SANOFI/
SPLPETRO,https://www.screener.in/company/SPLPETRO/
DATAPATTNS,https://www.screener.in/company/DATAPATTNS/
NSLNISP,https://www.screener.in/company/NSLNISP/
INDGN,https://www.screener.in/company/INDGN/consolidated/
GODREJAGRO,https://www.screener.in/company/GODREJAGRO/consolidated/
PVRINOX,https://www.screener.in/company/PVRINOX/consolidated/
RPOWER,https://www.screener.in/company/RPOWER/consolidated/
NIVABUPA,https://www.screener.in/company/NIVABUPA/
NETWEB,https://www.screener.in/company/NETWEB/
EIDPARRY,https://www.screener.in/company/EIDPARRY/consolidated/
CAPLIPOINT,https://www.screener.in/company/CAPLIPOINT/consolidated/
GRAVITA,https://www.screener.in/company/GRAVITA/consolidated/
RAILTEL,https://www.screener.in/company/RAILTEL/
VTL,https://www.screener.in/company/VTL/consolidated/
ECLERX,https://www.screener.in/company/ECLERX/consolidated/
GRANULES,https://www.screener.in/company/GRANULES/consolidated/
SWSOLAR,https://www.screener.in/company/SWSOLAR/consolidated/
RAINBOW,https://www.screener.in/company/RAINBOW/consolidated/
NAVA,https://www.screener.in/company/NAVA/consolidated/
ELECON,https://www.screener.in/company/ELECON/consolidated/
GPIL,https://www.screener.in/company/GPIL/consolidated/
SARDAEN,https://www.screener.in/company/SARDAEN/consolidated/
PRAJIND,https://www.screener.in/company/PRAJIND/consolidated/
AAVAS,https://www.screener.in/company/AAVAS/
DEEPAKFERT,https://www.screener.in/company/DEEPAKFERT/consolidated/
INGERRAND,https://www.screener.in/company/INGERRAND/
RAYMONDLSL,https://www.screener.in/company/RAYMONDLSL/
OLECTRA,https://www.screener.in/company/OLECTRA/consolidated/
ZYDUSWELL,https://www.screener.in/company/ZYDUSWELL/consolidated/
HONASA,https://www.screener.in/company/HONASA/
MMTC,https://www.screener.in/company/MMTC/consolidated/
CRAFTSMAN,https://www.screener.in/company/CRAFTSMAN/consolidated/
IWEL,https://www.screener.in/company/IWEL/consolidated/
ZEEL,https://www.screener.in/company/ZEEL/consolidated/
WESTLIFE,https://www.screener.in/company/WESTLIFE/consolidated/
LTFOODS,https://www.screener.in/company/LTFOODS/consolidated/
HINDNATGLS,https://www.screener.in/company/HINDNATGLS/
JPPOWER,https://www.screener.in/company/JPPOWER/consolidated/
MINDACORP,https://www.screener.in/company/MINDACORP/consolidated/
CUBEXTUB,https://www.screener.in/company/CUBEXTUB/
INTELLECT,https://www.screener.in/company/INTELLECT/consolidated/
NUVOCO,https://www.screener.in/company/NUVOCO/consolidated/
RAYMOND,https://www.screener.in/company/RAYMOND/consolidated/
CHENNPETRO,https://www.screener.in/company/CHENNPETRO/consolidated/
AKUMS,https://www.screener.in/company/AKUMS/consolidated/
VOLTAMP,https://www.screener.in/company/VOLTAMP/
TARIL,https://www.screener.in/company/TARIL/consolidated/
TTKPRESTIG,https://www.screener.in/company/TTKPRESTIG/consolidated/
GENUSPOWER,https://www.screener.in/company/GENUSPOWER/
ALOKINDS,https://www.screener.in/company/ALOKINDS/consolidated/
RBLBANK,https://www.screener.in/company/RBLBANK/consolidated/
ENGINERSIN,https://www.screener.in/company/ENGINERSIN/consolidated/
RHIM,https://www.screener.in/company/RHIM/consolidated/
MARKSANS,https://www.screener.in/company/MARKSANS/consolidated/
HAPPSTMNDS,https://www.screener.in/company/HAPPSTMNDS/consolidated/
TEGA,https://www.screener.in/company/TEGA/consolidated/
AETHER,https://www.screener.in/company/AETHER/
JMFINANCIL,https://www.screener.in/company/JMFINANCIL/consolidated/
SAFARI,https://www.screener.in/company/SAFARI/consolidated/
CEATLTD,https://www.screener.in/company/CEATLTD/consolidated/
SCI,https://www.screener.in/company/SCI/
GMDCLTD,https://www.screener.in/company/GMDCLTD/consolidated/
JSWSTEEL,https://www.screener.in/company/JSWSTEEL/consolidated/
MAHSCOOTER,https://www.screener.in/company/MAHSCOOTER/
USHAMART,https://www.screener.in/company/USHAMART/consolidated/
TANLA,https://www.screener.in/company/TANLA/consolidated/
STARHEALTH,https://www.screener.in/company/STARHEALTH/
ELECTCAST,https://www.screener.in/company/ELECTCAST/consolidated/
SANOFICONR,https://www.screener.in/company/SANOFICONR/
CANFINHOME,https://www.screener.in/company/CANFINHOME/
BALRAMCHIN,https://www.screener.in/company/BALRAMCHIN/consolidated/
JUBLINGREA,https://www.screener.in/company/JUBLINGREA/consolidated/
EUREKAFORB,https://www.screener.in/company/EUREKAFORB/
JSWHL,https://www.screener.in/company/JSWHL/
MAPMYINDIA,https://www.screener.in/company/MAPMYINDIA/consolidated/
INDIACEM,https://www.screener.in/company/INDIACEM/consolidated/
KPIGREEN,https://www.screener.in/company/KPIGREEN/consolidated/
REDTAPE,https://www.screener.in/company/REDTAPE/consolidated/
HAPPYFORGE,https://www.screener.in/company/HAPPYFORGE/
METROPOLIS,https://www.screener.in/company/METROPOLIS/consolidated/
JKTYRE,https://www.screener.in/company/JKTYRE/consolidated/
INOXINDIA,https://www.screener.in/company/INOXINDIA/consolidated/
CERA,https://www.screener.in/company/CERA/
ALKYLAMINE,https://www.screener.in/company/ALKYLAMINE/
VESUVIUS,https://www.screener.in/company/VESUVIUS/
QUESS,https://www.screener.in/company/QUESS/consolidated/
PRUDENT,https://www.screener.in/company/PRUDENT/consolidated/
BAJAJELEC,https://www.screener.in/company/BAJAJELEC/
GRAPHITE,https://www.screener.in/company/GRAPHITE/consolidated/
PNCINFRA,https://www.screener.in/company/PNCINFRA/consolidated/
LEMONTREE,https://www.screener.in/company/LEMONTREE/consolidated/
SAPPHIRE,https://www.screener.in/company/SAPPHIRE/consolidated/
NETWORK18,https://www.screener.in/company/NETWORK18/consolidated/
ISGEC,https://www.screener.in/company/ISGEC/consolidated/
GALAXYSURF,https://www.screener.in/company/GALAXYSURF/consolidated/
RCF,https://www.screener.in/company/RCF/consolidated/
RTNINDIA,https://www.screener.in/company/RTNINDIA/consolidated/
SYMPHONY,https://www.screener.in/company/SYMPHONY/consolidated/
PURVA,https://www.screener.in/company/PURVA/consolidated/
GPPL,https://www.screener.in/company/GPPL/
BIRLACORPN,https://www.screener.in/company/BIRLACORPN/consolidated/
SAREGAMA,https://www.screener.in/company/SAREGAMA/consolidated/
DBREALTY,https://www.screener.in/company/DBREALTY/consolidated/
BECTORFOOD,https://www.screener.in/company/BECTORFOOD/consolidated/
ARVIND,https://www.screener.in/company/ARVIND/consolidated/
THOMASCOOK,https://www.screener.in/company/THOMASCOOK/consolidated/
SFL,https://www.screener.in/company/SFL/consolidated/
RELINFRA,https://www.screener.in/company/RELINFRA/consolidated/
LATENTVIEW,https://www.screener.in/company/LATENTVIEW/consolidated/
EDELWEISS,https://www.screener.in/company/EDELWEISS/consolidated/
HOMEFIRST,https://www.screener.in/company/HOMEFIRST/
PNGJL,https://www.screener.in/company/PNGJL/
FORCEMOT,https://www.screener.in/company/FORCEMOT/consolidated/
JUSTDIAL,https://www.screener.in/company/JUSTDIAL/
ROUTE,https://www.screener.in/company/ROUTE/consolidated/
HGINFRA,https://www.screener.in/company/HGINFRA/consolidated/
IONEXCHANG,https://www.screener.in/company/IONEXCHANG/consolidated/
RENUKA,https://www.screener.in/company/RENUKA/consolidated/
VIJAYA,https://www.screener.in/company/VIJAYA/consolidated/
SAMMAANCAP,https://www.screener.in/company/SAMMAANCAP/consolidated/
JKLAKSHMI,https://www.screener.in/company/JKLAKSHMI/consolidated/
AZAD,https://www.screener.in/company/AZAD/consolidated/
ESABINDIA,https://www.screener.in/company/ESABINDIA/
GNFC,https://www.screener.in/company/GNFC/
TIPSMUSIC,https://www.screener.in/company/TIPSMUSIC/
WABAG,https://www.screener.in/company/WABAG/consolidated/
TRIVENI,https://www.screener.in/company/TRIVENI/consolidated/
KNRCON,https://www.screener.in/company/KNRCON/consolidated/
IIFLCAPS,https://www.screener.in/company/IIFLCAPS/consolidated/
ABDL,https://www.screener.in/company/ABDL/
POWERMECH,https://www.screener.in/company/POWERMECH/consolidated/
CHOICEIN,https://www.screener.in/company/CHOICEIN/consolidated/
KIRLPNU,https://www.screener.in/company/KIRLPNU/
AURIONPRO,https://www.screener.in/company/AURIONPRO/consolidated/
CCL,https://www.screener.in/company/CCL/consolidated/
SHAKTIPUMP,https://www.screener.in/company/SHAKTIPUMP/consolidated/
SBFC,https://www.screener.in/company/SBFC/
PRSMJOHNSN,https://www.screener.in/company/PRSMJOHNSN/consolidated/
JLHL,https://www.screener.in/company/JLHL/
TEXRAIL,https://www.screener.in/company/TEXRAIL/consolidated/
CAMPUS,https://www.screener.in/company/CAMPUS/
ITDCEM,https://www.screener.in/company/ITDCEM/consolidated/
SHRIPISTON,https://www.screener.in/company/SHRIPISTON/consolidated/
TIMETECHNO,https://www.screener.in/company/TIMETECHNO/consolidated/
SENCO,https://www.screener.in/company/SENCO/
MASTEK,https://www.screener.in/company/MASTEK/consolidated/
LLOYDSENGG,https://www.screener.in/company/LLOYDSENGG/
BBOX,https://www.screener.in/company/BBOX/consolidated/
RATEGAIN,https://www.screener.in/company/RATEGAIN/consolidated/
GSFC,https://www.screener.in/company/GSFC/consolidated/
CMSINFO,https://www.screener.in/company/CMSINFO/consolidated/
RUSTOMJEE,https://www.screener.in/company/RUSTOMJEE/consolidated/
MAXESTATES,https://www.screener.in/company/MAXESTATES/consolidated/
VARROC,https://www.screener.in/company/VARROC/consolidated/
PGHL,https://www.screener.in/company/PGHL/
MAHSEAMLES,https://www.screener.in/company/MAHSEAMLES/consolidated/
HEG,https://www.screener.in/company/HEG/consolidated/
RELIGARE,https://www.screener.in/company/RELIGARE/consolidated/
AVANTIFEED,https://www.screener.in/company/AVANTIFEED/consolidated/
517356,https://www.screener.in/company/517356/
EQUITASBNK,https://www.screener.in/company/EQUITASBNK/
SYRMA,https://www.screener.in/company/SYRMA/consolidated/
STARCEMENT,https://www.screener.in/company/STARCEMENT/consolidated/
BLUEJET,https://www.screener.in/company/BLUEJET/
ASKAUTOLTD,https://www.screener.in/company/ASKAUTOLTD/consolidated/
GRWRHITECH,https://www.screener.in/company/GRWRHITECH/consolidated/
SANSERA,https://www.screener.in/company/SANSERA/consolidated/
FDC,https://www.screener.in/company/FDC/consolidated/
JUNIPER,https://www.screener.in/company/JUNIPER/
MEDPLUS,https://www.screener.in/company/MEDPLUS/consolidated/
GALLANTT,https://www.screener.in/company/GALLANTT/
KTKBANK,https://www.screener.in/company/KTKBANK/
MAHLIFE,https://www.screener.in/company/MAHLIFE/consolidated/
TCIEXP,https://www.screener.in/company/TCIEXP/
TVSSCS,https://www.screener.in/company/TVSSCS/consolidated/
GANESHHOUC,https://www.screener.in/company/GANESHHOUC/consolidated/
ANURAS,https://www.screener.in/company/ANURAS/consolidated/
GMRP&UI,https://www.screener.in/company/GMRP&UI/consolidated/
SUNTECK,https://www.screener.in/company/SUNTECK/consolidated/
EMBDL,https://www.screener.in/company/EMBDL/consolidated/
RTNPOWER,https://www.screener.in/company/RTNPOWER/consolidated/
MHRIL,https://www.screener.in/company/MHRIL/consolidated/
RAJESHEXPO,https://www.screener.in/company/RAJESHEXPO/consolidated/
GARFIBRES,https://www.screener.in/company/GARFIBRES/consolidated/
EPIGRAL,https://www.screener.in/company/EPIGRAL/
JKPAPER,https://www.screener.in/company/JKPAPER/consolidated/
SHOPERSTOP,https://www.screener.in/company/SHOPERSTOP/consolidated/
INFIBEAM,https://www.screener.in/company/INFIBEAM/consolidated/
EPL,https://www.screener.in/company/EPL/consolidated/
MOIL,https://www.screener.in/company/MOIL/
ASTRAMICRO,https://www.screener.in/company/ASTRAMICRO/consolidated/
CHEMPLASTS,https://www.screener.in/company/CHEMPLASTS/consolidated/
SANDUMA,https://www.screener.in/company/SANDUMA/
AHLUCONT,https://www.screener.in/company/AHLUCONT/consolidated/
EMIL,https://www.screener.in/company/EMIL/
DIACABS,https://www.screener.in/company/DIACABS/consolidated/
TV18BRDCST,https://www.screener.in/company/TV18BRDCST/consolidated/
UJJIVANSFB,https://www.screener.in/company/UJJIVANSFB/
SHILPAMED,https://www.screener.in/company/SHILPAMED/consolidated/
INDIASHLTR,https://www.screener.in/company/INDIASHLTR/
PARADEEP,https://www.screener.in/company/PARADEEP/consolidated/
ETHOSLTD,https://www.screener.in/company/ETHOSLTD/consolidated/
ICIL,https://www.screener.in/company/ICIL/consolidated/
VMART,https://www.screener.in/company/VMART/
LXCHEM,https://www.screener.in/company/LXCHEM/consolidated/
WELENT,https://www.screener.in/company/WELENT/consolidated/
HCC,https://www.screener.in/company/HCC/consolidated/
DBL,https://www.screener.in/company/DBL/consolidated/
MIDHANI,https://www.screener.in/company/MIDHANI/
PDSL,https://www.screener.in/company/PDSL/consolidated/
MANINFRA,https://www.screener.in/company/MANINFRA/consolidated/
IFBIND,https://www.screener.in/company/IFBIND/
TRANSRAILL,https://www.screener.in/company/TRANSRAILL/consolidated/
DHANUKA,https://www.screener.in/company/DHANUKA/consolidated/
TMB,https://www.screener.in/company/TMB/
ORCHPHARMA,https://www.screener.in/company/ORCHPHARMA/consolidated/
NAZARA,https://www.screener.in/company/NAZARA/consolidated/
RESPONIND,https://www.screener.in/company/RESPONIND/consolidated/
EMUDHRA,https://www.screener.in/company/EMUDHRA/consolidated/
ARVINDFASN,https://www.screener.in/company/ARVINDFASN/consolidated/
DODLA,https://www.screener.in/company/DODLA/consolidated/
SUNDARMHLD,https://www.screener.in/company/SUNDARMHLD/consolidated/
BALUFORGE,https://www.screener.in/company/BALUFORGE/consolidated/
TIIL,https://www.screener.in/company/TIIL/consolidated/
INDIGOPNTS,https://www.screener.in/company/INDIGOPNTS/
SUPRAJIT,https://www.screener.in/company/SUPRAJIT/consolidated/
BALAMINES,https://www.screener.in/company/BALAMINES/consolidated/
GREENLAM,https://www.screener.in/company/GREENLAM/consolidated/
SPARC,https://www.screener.in/company/SPARC/
JINDWORLD,https://www.screener.in/company/JINDWORLD/consolidated/
SUDARSCHEM,https://www.screener.in/company/SUDARSCHEM/consolidated/
UNIMECH,https://www.screener.in/company/UNIMECH/consolidated/
GABRIEL,https://www.screener.in/company/GABRIEL/
ASHOKA,https://www.screener.in/company/ASHOKA/consolidated/
VIPIND,https://www.screener.in/company/VIPIND/consolidated/
SURYAROSNI,https://www.screener.in/company/SURYAROSNI/
BLACKBUCK,https://www.screener.in/company/BLACKBUCK/consolidated/
KRBL,https://www.screener.in/company/KRBL/consolidated/
GOKEX,https://www.screener.in/company/GOKEX/consolidated/
SHARDAMOTR,https://www.screener.in/company/SHARDAMOTR/
AMIORG,https://www.screener.in/company/AMIORG/consolidated/
NESCO,https://www.screener.in/company/NESCO/
KESORAMIND,https://www.screener.in/company/KESORAMIND/consolidated/
HNDFDS,https://www.screener.in/company/HNDFDS/consolidated/
ORIENTCEM,https://www.screener.in/company/ORIENTCEM/
SOUTHBANK,https://www.screener.in/company/SOUTHBANK/
TARC,https://www.screener.in/company/TARC/consolidated/
BORORENEW,https://www.screener.in/company/BORORENEW/consolidated/
TDPOWERSYS,https://www.screener.in/company/TDPOWERSYS/consolidated/
EASEMYTRIP,https://www.screener.in/company/EASEMYTRIP/
NIITMTS,https://www.screener.in/company/NIITMTS/consolidated/
BANSALWIRE,https://www.screener.in/company/BANSALWIRE/
RALLIS,https://www.screener.in/company/RALLIS/
PRIVISCL,https://www.screener.in/company/PRIVISCL/consolidated/
CEIGALL,https://www.screener.in/company/CEIGALL/consolidated/
JAICORPLTD,https://www.screener.in/company/JAICORPLTD/consolidated/
VSTIND,https://www.screener.in/company/VSTIND/
NFL,https://www.screener.in/company/NFL/consolidated/
STLTECH,https://www.screener.in/company/STLTECH/consolidated/
ICRA,https://www.screener.in/company/ICRA/consolidated/
PILANIINVS,https://www.screener.in/company/PILANIINVS/consolidated/
ROLEXRINGS,https://www.screener.in/company/ROLEXRINGS/
AVL,https://www.screener.in/company/AVL/
GOCOLORS,https://www.screener.in/company/GOCOLORS/
UEL,https://www.screener.in/company/UEL/
GULFOILLUB,https://www.screener.in/company/GULFOILLUB/
LUXIND,https://www.screener.in/company/LUXIND/consolidated/
PCJEWELLER,https://www.screener.in/company/PCJEWELLER/consolidated/
GMMPFAUDLR,https://www.screener.in/company/GMMPFAUDLR/consolidated/
GAEL,https://www.screener.in/company/GAEL/
SHAREINDIA,https://www.screener.in/company/SHAREINDIA/consolidated/
IXIGO,https://www.screener.in/company/IXIGO/consolidated/
AGI,https://www.screener.in/company/AGI/
LLOYDSENT,https://www.screener.in/company/LLOYDSENT/consolidated/
PRINCEPIPE,https://www.screener.in/company/PRINCEPIPE/
PRICOLLTD,https://www.screener.in/company/PRICOLLTD/consolidated/
GHCL,https://www.screener.in/company/GHCL/consolidated/
ALLCARGO,https://www.screener.in/company/ALLCARGO/consolidated/
JKIL,https://www.screener.in/company/JKIL/
ITDCEM,https://www.screener.in/company/ITDCEM/consolidated/
TITAN,https://www.screener.in/company/TITAN/consolidated/
HCG,https://www.screener.in/company/HCG/consolidated/
DBCORP,https://www.screener.in/company/DBCORP/consolidated/
SIS,https://www.screener.in/company/SIS/consolidated/
GUJALKALI,https://www.screener.in/company/GUJALKALI/consolidated/
RSYSTEMS,https://www.screener.in/company/RSYSTEMS/consolidated/
PTCIL,https://www.screener.in/company/PTCIL/consolidated/
ENTERO,https://www.screener.in/company/ENTERO/consolidated/
SHARDACROP,https://www.screener.in/company/SHARDACROP/consolidated/
INOXGREEN,https://www.screener.in/company/INOXGREEN/consolidated/
AARTIPHARM,https://www.screener.in/company/AARTIPHARM/consolidated/
RAINBOW,https://www.screener.in/company/RAINBOW/consolidated/
CSBBANK,https://www.screener.in/company/CSBBANK/
CYIENTDLM,https://www.screener.in/company/CYIENTDLM/
THANGAMAYL,https://www.screener.in/company/THANGAMAYL/
BANCOINDIA,https://www.screener.in/company/BANCOINDIA/consolidated/
JSFB,https://www.screener.in/company/JSFB/
JCHAC,https://www.screener.in/company/JCHAC/
HEMIPROP,https://www.screener.in/company/HEMIPROP/
MTARTECH,https://www.screener.in/company/MTARTECH/
NPST,https://www.screener.in/company/NPST/consolidated/
ORIENTELEC,https://www.screener.in/company/ORIENTELEC/
MANORAMA,https://www.screener.in/company/MANORAMA/
MSTCLTD,https://www.screener.in/company/MSTCLTD/consolidated/
PAISALO,https://www.screener.in/company/PAISALO/consolidated/
KIRLOSIND,https://www.screener.in/company/KIRLOSIND/consolidated/
OPTIEMUS,https://www.screener.in/company/OPTIEMUS/consolidated/
530109,https://www.screener.in/company/530109/
EIEL,https://www.screener.in/company/EIEL/consolidated/
BBL,https://www.screener.in/company/BBL/
DYNAMATECH,https://www.screener.in/company/DYNAMATECH/consolidated/
MASFIN,https://www.screener.in/company/MASFIN/consolidated/
HEIDELBERG,https://www.screener.in/company/HEIDELBERG/
ZAGGLE,https://www.screener.in/company/ZAGGLE/
HERITGFOOD,https://www.screener.in/company/HERITGFOOD/consolidated/
VAIBHAVGBL,https://www.screener.in/company/VAIBHAVGBL/consolidated/
KSCL,https://www.screener.in/company/KSCL/consolidated/
TEAMLEASE,https://www.screener.in/company/TEAMLEASE/consolidated/
CARTRADE,https://www.screener.in/company/CARTRADE/consolidated/
RBA,https://www.screener.in/company/RBA/consolidated/
NEOGEN,https://www.screener.in/company/NEOGEN/consolidated/
SKIPPER,https://www.screener.in/company/SKIPPER/
GANECOS,https://www.screener.in/company/GANECOS/consolidated/
VRLLOG,https://www.screener.in/company/VRLLOG/
AWFIS,https://www.screener.in/company/AWFIS/consolidated/
BOROLTD,https://www.screener.in/company/BOROLTD/consolidated/
GOPAL,https://www.screener.in/company/GOPAL/
UTKARSHBNK,https://www.screener.in/company/UTKARSHBNK/
REFEX,https://www.screener.in/company/REFEX/consolidated/
E2E,https://www.screener.in/company/E2E/
WONDERLA,https://www.screener.in/company/WONDERLA/
ADVENZYMES,https://www.screener.in/company/ADVENZYMES/consolidated/
BHARATRAS,https://www.screener.in/company/BHARATRAS/consolidated/
SHAILY,https://www.screener.in/company/SHAILY/consolidated/
BAJAJHIND,https://www.screener.in/company/BAJAJHIND/consolidated/
UNICHEMLAB,https://www.screener.in/company/UNICHEMLAB/consolidated/
ORISSAMINE,https://www.screener.in/company/ORISSAMINE/
PATELENG,https://www.screener.in/company/PATELENG/consolidated/
YATHARTH,https://www.screener.in/company/YATHARTH/consolidated/
HARSHA,https://www.screener.in/company/HARSHA/
NOCIL,https://www.screener.in/company/NOCIL/consolidated/
GATEWAY,https://www.screener.in/company/GATEWAY/consolidated/
ROSSARI,https://www.screener.in/company/ROSSARI/consolidated/
JAMNAAUTO,https://www.screener.in/company/JAMNAAUTO/consolidated/
SUPRIYA,https://www.screener.in/company/SUPRIYA/
AARTIDRUGS,https://www.screener.in/company/AARTIDRUGS/
WEBELSOLAR,https://www.screener.in/company/WEBELSOLAR/
JISLJALEQS,https://www.screener.in/company/JISLJALEQS/consolidated/
THYROCARE,https://www.screener.in/company/THYROCARE/
PITTIENG,https://www.screener.in/company/PITTIENG/
PGIL,https://www.screener.in/company/PGIL/consolidated/
RAMKY,https://www.screener.in/company/RAMKY/consolidated/
JTEKTINDIA,https://www.screener.in/company/JTEKTINDIA/
STYRENIX,https://www.screener.in/company/STYRENIX/
HIKAL,https://www.screener.in/company/HIKAL/consolidated/
UFLEX,https://www.screener.in/company/UFLEX/consolidated/
PARAS,https://www.screener.in/company/PARAS/consolidated/
GREENPANEL,https://www.screener.in/company/GREENPANEL/
SHANTIGEAR,https://www.screener.in/company/SHANTIGEAR/
SUBROS,https://www.screener.in/company/SUBROS/consolidated/
BOMDYEING,https://www.screener.in/company/BOMDYEING/
EMSLIMITED,https://www.screener.in/company/EMSLIMITED/consolidated/
INNOVACAP,https://www.screener.in/company/INNOVACAP/consolidated/
MOBIKWIK,https://www.screener.in/company/MOBIKWIK/consolidated/
SUNCLAY,https://www.screener.in/company/SUNCLAY/consolidated/
JAYNECOIND,https://www.screener.in/company/JAYNECOIND/
GREENPLY,https://www.screener.in/company/GREENPLY/consolidated/
BALMLAWRIE,https://www.screener.in/company/BALMLAWRIE/consolidated/
IMAGICAA,https://www.screener.in/company/IMAGICAA/
SEQUENT,https://www.screener.in/company/SEQUENT/consolidated/
ORIANA,https://www.screener.in/company/ORIANA/consolidated/
BANARISUG,https://www.screener.in/company/BANARISUG/
SAMHI,https://www.screener.in/company/SAMHI/consolidated/
FEDFINA,https://www.screener.in/company/FEDFINA/
BHAGCHEM,https://www.screener.in/company/BHAGCHEM/consolidated/
EXICOM,https://www.screener.in/company/EXICOM/consolidated/
GREAVESCOT,https://www.screener.in/company/GREAVESCOT/consolidated/
AVALON,https://www.screener.in/company/AVALON/consolidated/
LGBBROSLTD,https://www.screener.in/company/LGBBROSLTD/consolidated/
MEDIASSIST,https://www.screener.in/company/MEDIASSIST/consolidated/
AVANTEL,https://www.screener.in/company/AVANTEL/
SKYGOLD,https://www.screener.in/company/SKYGOLD/consolidated/
PFOCUS,https://www.screener.in/company/PFOCUS/consolidated/
ISMTLTD,https://www.screener.in/company/ISMTLTD/consolidated/
SUNFLAG,https://www.screener.in/company/SUNFLAG/consolidated/
FCL,https://www.screener.in/company/FCL/consolidated/
MOREPENLAB,https://www.screener.in/company/MOREPENLAB/consolidated/
NORTHARC,https://www.screener.in/company/NORTHARC/consolidated/
VENUSPIPES,https://www.screener.in/company/VENUSPIPES/
V2RETAIL,https://www.screener.in/company/V2RETAIL/
GUFICBIO,https://www.screener.in/company/GUFICBIO/
JTLIND,https://www.screener.in/company/JTLIND/
FIEMIND,https://www.screener.in/company/FIEMIND/consolidated/
CIGNITITEC,https://www.screener.in/company/CIGNITITEC/consolidated/
WSTCSTPAPR,https://www.screener.in/company/WSTCSTPAPR/consolidated/
IMFA,https://www.screener.in/company/IMFA/consolidated/
TCIEXP,https://www.screener.in/company/TCIEXP/
KKCL,https://www.screener.in/company/KKCL/
KPEL,https://www.screener.in/company/KPEL/
JSLL,https://www.screener.in/company/JSLL/
GOKULAGRO,https://www.screener.in/company/GOKULAGRO/consolidated/
KRN,https://www.screener.in/company/KRN/
SOTL,https://www.screener.in/company/SOTL/
SULA,https://www.screener.in/company/SULA/consolidated/
JNKINDIA,https://www.screener.in/company/JNKINDIA/consolidated/
DCBBANK,https://www.screener.in/company/DCBBANK/
DCXINDIA,https://www.screener.in/company/DCXINDIA/
VSTTILLERS,https://www.screener.in/company/VSTTILLERS/
INDIAGLYCO,https://www.screener.in/company/INDIAGLYCO/consolidated/
KSL,https://www.screener.in/company/KSL/
DHANI,https://www.screener.in/company/DHANI/consolidated/
KDDL,https://www.screener.in/company/KDDL/consolidated/
SPANDANA,https://www.screener.in/company/SPANDANA/
VEEDOL,https://www.screener.in/company/VEEDOL/consolidated/
SEPC,https://www.screener.in/company/SEPC/consolidated/
ARTEMISMED,https://www.screener.in/company/ARTEMISMED/
LUMAXTECH,https://www.screener.in/company/LUMAXTECH/consolidated/
POLYPLEX,https://www.screener.in/company/POLYPLEX/consolidated/
SWARAJENG,https://www.screener.in/company/SWARAJENG/
HONDAPOWER,https://www.screener.in/company/HONDAPOWER/
KINGFA,https://www.screener.in/company/KINGFA/
LAOPALA,https://www.screener.in/company/LAOPALA/
ARVSMART,https://www.screener.in/company/ARVSMART/consolidated/
PARKHOTELS,https://www.screener.in/company/PARKHOTELS/consolidated/
MUTHOOTMF,https://www.screener.in/company/MUTHOOTMF/
HGS,https://www.screener.in/company/HGS/consolidated/
STYLAMIND,https://www.screener.in/company/STYLAMIND/
HMT,https://www.screener.in/company/HMT/consolidated/
MPSLTD,https://www.screener.in/company/MPSLTD/consolidated/
INDRAMEDCO,https://www.screener.in/company/INDRAMEDCO/
RPGLIFE,https://www.screener.in/company/RPGLIFE/
SANGHVIMOV,https://www.screener.in/company/SANGHVIMOV/
CARRARO,https://www.screener.in/company/CARRARO/
BEPL,https://www.screener.in/company/BEPL/
JINDALPOLY,https://www.screener.in/company/JINDALPOLY/consolidated/
DATAMATICS,https://www.screener.in/company/DATAMATICS/consolidated/
HPL,https://www.screener.in/company/HPL/consolidated/
DALMIASUG,https://www.screener.in/company/DALMIASUG/consolidated/
ALEMBICLTD,https://www.screener.in/company/ALEMBICLTD/consolidated/
SCILAL,https://www.screener.in/company/SCILAL/
HATHWAY,https://www.screener.in/company/HATHWAY/consolidated/
TCNSBRANDS,https://www.screener.in/company/TCNSBRANDS/
CARERATING,https://www.screener.in/company/CARERATING/consolidated/
SHK,https://www.screener.in/company/SHK/consolidated/
SBCL,https://www.screener.in/company/SBCL/consolidated/
MTNL,https://www.screener.in/company/MTNL/consolidated/
SEAMECLTD,https://www.screener.in/company/SEAMECLTD/consolidated/
INDOSTAR,https://www.screener.in/company/INDOSTAR/consolidated/
SERVOTECH,https://www.screener.in/company/SERVOTECH/
ASHIANA,https://www.screener.in/company/ASHIANA/consolidated/
SANDHAR,https://www.screener.in/company/SANDHAR/consolidated/
GIPCL,https://www.screener.in/company/GIPCL/
DPABHUSHAN,https://www.screener.in/company/DPABHUSHAN/
EPACK,https://www.screener.in/company/EPACK/consolidated/
SINDHUTRAD,https://www.screener.in/company/SINDHUTRAD/consolidated/
BAJAJCON,https://www.screener.in/company/BAJAJCON/consolidated/
SSWL,https://www.screener.in/company/SSWL/consolidated/
QUICKHEAL,https://www.screener.in/company/QUICKHEAL/consolidated/
NUCLEUS,https://www.screener.in/company/NUCLEUS/consolidated/
DELTACORP,https://www.screener.in/company/DELTACORP/consolidated/
NAVNETEDUL,https://www.screener.in/company/NAVNETEDUL/consolidated/
TIRUMALCHM,https://www.screener.in/company/TIRUMALCHM/consolidated/
BFUTILITIE,https://www.screener.in/company/BFUTILITIE/consolidated/
MAHLOG,https://www.screener.in/company/MAHLOG/consolidated/
RPSGVENT,https://www.screener.in/company/RPSGVENT/consolidated/
GENSOL,https://www.screener.in/company/GENSOL/consolidated/
GOLDIAM,https://www.screener.in/company/GOLDIAM/consolidated/
VPRPL,https://www.screener.in/company/VPRPL/
MARINE,https://www.screener.in/company/MARINE/consolidated/
PRAKASH,https://www.screener.in/company/PRAKASH/
GEOJITFSL,https://www.screener.in/company/GEOJITFSL/consolidated/
GOODLUCK,https://www.screener.in/company/GOODLUCK/consolidated/
MAITHANALL,https://www.screener.in/company/MAITHANALL/consolidated/
KITEX,https://www.screener.in/company/KITEX/consolidated/
SJS,https://www.screener.in/company/SJS/consolidated/
PRECWIRE,https://www.screener.in/company/PRECWIRE/
GTLINFRA,https://www.screener.in/company/GTLINFRA/
DCAL,https://www.screener.in/company/DCAL/consolidated/
FLAIR,https://www.screener.in/company/FLAIR/
SANATHAN,https://www.screener.in/company/SANATHAN/consolidated/
TVSSRICHAK,https://www.screener.in/company/TVSSRICHAK/consolidated/
PFS,https://www.screener.in/company/PFS/
SAKSOFT,https://www.screener.in/company/SAKSOFT/consolidated/
APOLLOHOSP,https://www.screener.in/company/APOLLOHOSP/consolidated/
CAPACITE,https://www.screener.in/company/CAPACITE/consolidated/
REPCOHOME,https://www.screener.in/company/REPCOHOME/
MARATHON,https://www.screener.in/company/MARATHON/consolidated/
INDOCO,https://www.screener.in/company/INDOCO/consolidated/
BAJEL,https://www.screener.in/company/BAJEL/
KCPSUGIND,https://www.screener.in/company/KCPSUGIND/consolidated/
SURAJEST,https://www.screener.in/company/SURAJEST/consolidated/
ASHAPURMIN,https://www.screener.in/company/ASHAPURMIN/consolidated/
WENDT,https://www.screener.in/company/WENDT/consolidated/
GENESYS,https://www.screener.in/company/GENESYS/
JASH,https://www.screener.in/company/JASH/consolidated/
POKARNA,https://www.screener.in/company/POKARNA/consolidated/
ADFFOODS,https://www.screener.in/company/ADFFOODS/consolidated/
EVEREADY,https://www.screener.in/company/EVEREADY/consolidated/
SALASAR,https://www.screener.in/company/SALASAR/consolidated/
FINOPB,https://www.screener.in/company/FINOPB/
SAGCEM,https://www.screener.in/company/SAGCEM/consolidated/
NSIL,https://www.screener.in/company/NSIL/consolidated/
TASTYBITE,https://www.screener.in/company/TASTYBITE/
RPEL,https://www.screener.in/company/RPEL/consolidated/
HINDOILEXP,https://www.screener.in/company/HINDOILEXP/consolidated/
SUVENPHAR,https://www.screener.in/company/SUVENPHAR/consolidated/
KOLTEPATIL,https://www.screener.in/company/KOLTEPATIL/consolidated/
PREMEXPLN,https://www.screener.in/company/PREMEXPLN/
SPECTRUM,https://www.screener.in/company/SPECTRUM/consolidated/
NRBBEARING,https://www.screener.in/company/NRBBEARING/consolidated/
DOLLAR,https://www.screener.in/company/DOLLAR/
ORIENTHOT,https://www.screener.in/company/ORIENTHOT/consolidated/
SOMANYCERA,https://www.screener.in/company/SOMANYCERA/consolidated/
IDEAFORGE,https://www.screener.in/company/IDEAFORGE/consolidated/
FOSECOIND,https://www.screener.in/company/FOSECOIND/
VADILALIND,https://www.screener.in/company/VADILALIND/consolidated/
AJMERA,https://www.screener.in/company/AJMERA/consolidated/
HITECHCORP,https://www.screener.in/company/HITECHCORP/
AUTOAXLES,https://www.screener.in/company/AUTOAXLES/
GLOBUSSPR,https://www.screener.in/company/GLOBUSSPR/consolidated/
GEPIL,https://www.screener.in/company/GEPIL/consolidated/
TCPLPACK,https://www.screener.in/company/TCPLPACK/
NILKAMAL,https://www.screener.in/company/NILKAMAL/consolidated/
ARKADE,https://www.screener.in/company/ARKADE/consolidated/
SUMMITSEC,https://www.screener.in/company/SUMMITSEC/consolidated/
RAJRATAN,https://www.screener.in/company/RAJRATAN/consolidated/
DREDGECORP,https://www.screener.in/company/DREDGECORP/
STANLEY,https://www.screener.in/company/STANLEY/consolidated/
VISHNU,https://www.screener.in/company/VISHNU/consolidated/
FUSION,https://www.screener.in/company/FUSION/
THEJO,https://www.screener.in/company/THEJO/consolidated/
SHALBY,https://www.screener.in/company/SHALBY/consolidated/
DEEPINDS,https://www.screener.in/company/DEEPINDS/consolidated/
VENKEYS,https://www.screener.in/company/VENKEYS/
HLEGLAS,https://www.screener.in/company/HLEGLAS/consolidated/
KICL,https://www.screener.in/company/KICL/consolidated/
DAMCAPITAL,https://www.screener.in/company/DAMCAPITAL/
VINDHYATEL,https://www.screener.in/company/VINDHYATEL/consolidated/
FILATEX,https://www.screener.in/company/FILATEX/
SIYSIL,https://www.screener.in/company/SIYSIL/
MONARCH,https://www.screener.in/company/MONARCH/consolidated/
MAYURUNIQ,https://www.screener.in/company/MAYURUNIQ/
MMFL,https://www.screener.in/company/MMFL/
UNITECH,https://www.screener.in/company/UNITECH/consolidated/
HUHTAMAKI,https://www.screener.in/company/HUHTAMAKI/
RANEHOLDIN,https://www.screener.in/company/RANEHOLDIN/consolidated/
SMLISUZU,https://www.screener.in/company/SMLISUZU/
VAKRANGEE,https://www.screener.in/company/VAKRANGEE/consolidated/
SASKEN,https://www.screener.in/company/SASKEN/consolidated/
KALAMANDIR,https://www.screener.in/company/KALAMANDIR/
RPTECH,https://www.screener.in/company/RPTECH/consolidated/
HINDWAREAP,https://www.screener.in/company/HINDWAREAP/consolidated/
PSPPROJECT,https://www.screener.in/company/PSPPROJECT/
KRSNAA,https://www.screener.in/company/KRSNAA/
CONFIPET,https://www.screener.in/company/CONFIPET/consolidated/
XPROINDIA,https://www.screener.in/company/XPROINDIA/consolidated/
LANDMARK,https://www.screener.in/company/LANDMARK/consolidated/
SENORES,https://www.screener.in/company/SENORES/consolidated/
STYLEBAAZA,https://www.screener.in/company/STYLEBAAZA/
STOVEKRAFT,https://www.screener.in/company/STOVEKRAFT/
SOLARA,https://www.screener.in/company/SOLARA/consolidated/
DCW,https://www.screener.in/company/DCW/
SABTNL,https://www.screener.in/company/SABTNL/consolidated/
JYOTISTRUC,https://www.screener.in/company/JYOTISTRUC/consolidated/
ACCELYA,https://www.screener.in/company/ACCELYA/consolidated/
EIHAHOTELS,https://www.screener.in/company/EIHAHOTELS/
PENIND,https://www.screener.in/company/PENIND/consolidated/
SMSPHARMA,https://www.screener.in/company/SMSPHARMA/
DOLATALGO,https://www.screener.in/company/DOLATALGO/
DISHTV,https://www.screener.in/company/DISHTV/consolidated/
MANGLMCEM,https://www.screener.in/company/MANGLMCEM/
BFINVEST,https://www.screener.in/company/BFINVEST/consolidated/
PRECAM,https://www.screener.in/company/PRECAM/consolidated/
IOLCP,https://www.screener.in/company/IOLCP/
INTERARCH,https://www.screener.in/company/INTERARCH/
MOLDTKPAC,https://www.screener.in/company/MOLDTKPAC/
RAMRAT,https://www.screener.in/company/RAMRAT/consolidated/
JUBLINDS,https://www.screener.in/company/JUBLINDS/consolidated/
LUMAXIND,https://www.screener.in/company/LUMAXIND/consolidated/
INDIANHUME,https://www.screener.in/company/INDIANHUME/
MANINDS,https://www.screener.in/company/MANINDS/consolidated/
UDS,https://www.screener.in/company/UDS/consolidated/
INSECTICID,https://www.screener.in/company/INSECTICID/
MOLDTKPAC,https://www.screener.in/company/MOLDTKPAC/
THEMISMED,https://www.screener.in/company/THEMISMED/consolidated/
DREAMFOLKS,https://www.screener.in/company/DREAMFOLKS/consolidated/
PIXTRANS,https://www.screener.in/company/PIXTRANS/consolidated/
ECOSMOBLTY,https://www.screener.in/company/ECOSMOBLTY/consolidated/
PARACABLES,https://www.screener.in/company/PARACABLES/consolidated/
ESAFSFB,https://www.screener.in/company/ESAFSFB/
DOLPHIN,https://www.screener.in/company/DOLPHIN/consolidated/
INDOTECH,https://www.screener.in/company/INDOTECH/
TARSONS,https://www.screener.in/company/TARSONS/consolidated/
DEN,https://www.screener.in/company/DEN/consolidated/
KMEW,https://www.screener.in/company/KMEW/consolidated/
HMAAGRO,https://www.screener.in/company/HMAAGRO/consolidated/
PANAMAPET,https://www.screener.in/company/PANAMAPET/consolidated/
NELCO,https://www.screener.in/company/NELCO/consolidated/
AEROFLEX,https://www.screener.in/company/AEROFLEX/
MOTISONS,https://www.screener.in/company/MOTISONS/
PARAGMILK,https://www.screener.in/company/PARAGMILK/consolidated/
FMGOETZE,https://www.screener.in/company/FMGOETZE/consolidated/
VIDHIING,https://www.screener.in/company/VIDHIING/
IPL,https://www.screener.in/company/IPL/
OWAIS,https://www.screener.in/company/OWAIS/
NITINSPIN,https://www.screener.in/company/NITINSPIN/
APOLLOPIPE,https://www.screener.in/company/APOLLOPIPE/
63MOONS,https://www.screener.in/company/63MOONS/consolidated/
DIAMONDYD,https://www.screener.in/company/DIAMONDYD/
AXISCADES,https://www.screener.in/company/AXISCADES/consolidated/
UGROCAP,https://www.screener.in/company/UGROCAP/
SANSTAR,https://www.screener.in/company/SANSTAR/
ASTEC,https://www.screener.in/company/ASTEC/consolidated/
RUPA,https://www.screener.in/company/RUPA/consolidated/
CUPID,https://www.screener.in/company/CUPID/
UNIVCABLES,https://www.screener.in/company/UNIVCABLES/consolidated/
TATVA,https://www.screener.in/company/TATVA/consolidated/
SPAL,https://www.screener.in/company/SPAL/consolidated/
CENTUM,https://www.screener.in/company/CENTUM/consolidated/
CARYSIL,https://www.screener.in/company/CARYSIL/consolidated/
BARBEQUE,https://www.screener.in/company/BARBEQUE/consolidated/
VSSL,https://www.screener.in/company/VSSL/
GREENPOWER,https://www.screener.in/company/GREENPOWER/consolidated/
RAMCOIND,https://www.screener.in/company/RAMCOIND/consolidated/
TIL,https://www.screener.in/company/TIL/consolidated/
MUKANDLTD,https://www.screener.in/company/MUKANDLTD/consolidated/
JITFINFRA,https://www.screener.in/company/JITFINFRA/consolidated/
SANGHIIND,https://www.screener.in/company/SANGHIIND/
NIITLTD,https://www.screener.in/company/NIITLTD/consolidated/
TTKHLTCARE,https://www.screener.in/company/TTKHLTCARE/
AHLUCONT,https://www.screener.in/company/AHLUCONT/consolidated/
IKIO,https://www.screener.in/company/IKIO/consolidated/
POCL,https://www.screener.in/company/POCL/
OMAXE,https://www.screener.in/company/OMAXE/consolidated/
PNBGILTS,https://www.screener.in/company/PNBGILTS/
KIRIINDUS,https://www.screener.in/company/KIRIINDUS/consolidated/
DEEDEV,https://www.screener.in/company/DEEDEV/consolidated/
AMRUTANJAN,https://www.screener.in/company/AMRUTANJAN/
KODYTECH,https://www.screener.in/company/KODYTECH/
YASHO,https://www.screener.in/company/YASHO/
ATFL,https://www.screener.in/company/ATFL/consolidated/
COSMOFIRST,https://www.screener.in/company/COSMOFIRST/consolidated/
APCOTEXIND,https://www.screener.in/company/APCOTEXIND/
SDBL,https://www.screener.in/company/SDBL/consolidated/
HESTERBIO,https://www.screener.in/company/HESTERBIO/consolidated/
GANDHAR,https://www.screener.in/company/GANDHAR/consolidated/
IGARASHI,https://www.screener.in/company/IGARASHI/
ALPEXSOLAR,https://www.screener.in/company/ALPEXSOLAR/consolidated/
HUBTOWN,https://www.screener.in/company/HUBTOWN/consolidated/
PLATIND,https://www.screener.in/company/PLATIND/consolidated/
ANDHRAPAP,https://www.screener.in/company/ANDHRAPAP/
CANTABIL,https://www.screener.in/company/CANTABIL/
GOCLCORP,https://www.screener.in/company/GOCLCORP/consolidated/
SURAKSHA,https://www.screener.in/company/SURAKSHA/
UNIPARTS,https://www.screener.in/company/UNIPARTS/consolidated/
SBGLP,https://www.screener.in/company/SBGLP/consolidated/
NAVKARCORP,https://www.screener.in/company/NAVKARCORP/
HIL,https://www.screener.in/company/HIL/consolidated/
SESHAPAPER,https://www.screener.in/company/SESHAPAPER/
BLKASHYAP,https://www.screener.in/company/BLKASHYAP/consolidated/
DLINKINDIA,https://www.screener.in/company/DLINKINDIA/
SATIN,https://www.screener.in/company/SATIN/consolidated/
IFGLEXPOR,https://www.screener.in/company/IFGLEXPOR/consolidated/
EKC,https://www.screener.in/company/EKC/consolidated/
ALICON,https://www.screener.in/company/ALICON/consolidated/
SANGAMIND,https://www.screener.in/company/SANGAMIND/consolidated/
TAJGVK,https://www.screener.in/company/TAJGVK/
TALBROAUTO,https://www.screener.in/company/TALBROAUTO/consolidated/
UNIECOM,https://www.screener.in/company/UNIECOM/
MICEL,https://www.screener.in/company/MICEL/
EXPLEOSOL,https://www.screener.in/company/EXPLEOSOL/consolidated/
BLSE,https://www.screener.in/company/BLSE/consolidated/
VERANDA,https://www.screener.in/company/VERANDA/consolidated/
AWHCL,https://www.screener.in/company/AWHCL/consolidated/
JAGRAN,https://www.screener.in/company/JAGRAN/consolidated/
DIVGIITTS,https://www.screener.in/company/DIVGIITTS/
JINDRILL,https://www.screener.in/company/JINDRILL/consolidated/
HARIOMPIPE,https://www.screener.in/company/HARIOMPIPE/
MBAPL,https://www.screener.in/company/MBAPL/
YATRA,https://www.screener.in/company/YATRA/consolidated/
SHRIRAMPPS,https://www.screener.in/company/SHRIRAMPPS/consolidated/
VERTOZ,https://www.screener.in/company/VERTOZ/consolidated/
MASTERTR,https://www.screener.in/company/MASTERTR/consolidated/
WINDLAS,https://www.screener.in/company/WINDLAS/consolidated/
JPASSOCIAT,https://www.screener.in/company/JPASSOCIAT/consolidated/
GMBREW,https://www.screener.in/company/GMBREW/
UDAICEMENT,https://www.screener.in/company/UDAICEMENT/
WELCORP,https://www.screener.in/company/WELCORP/consolidated/
STERTOOLS,https://www.screener.in/company/STERTOOLS/consolidated/
WHEELS,https://www.screener.in/company/WHEELS/
RAMASTEEL,https://www.screener.in/company/RAMASTEEL/consolidated/
ROSSTECH,https://www.screener.in/company/ROSSTECH/consolidated/
BSHSL,https://www.screener.in/company/BSHSL/
RELTD,https://www.screener.in/company/RELTD/consolidated/
GPTINFRA,https://www.screener.in/company/GPTINFRA/consolidated/
SIRCA,https://www.screener.in/company/SIRCA/
GKWLIMITED,https://www.screener.in/company/GKWLIMITED/
CAMLINFINE,https://www.screener.in/company/CAMLINFINE/consolidated/
IGPL,https://www.screener.in/company/IGPL/
DANISH,https://www.screener.in/company/DANISH/
SALZERELEC,https://www.screener.in/company/SALZERELEC/
GRPLTD,https://www.screener.in/company/GRPLTD/consolidated/
ROTO,https://www.screener.in/company/ROTO/consolidated/
SYNCOMF,https://www.screener.in/company/SYNCOMF/
SIGACHI,https://www.screener.in/company/SIGACHI/consolidated/
DPSCLTD,https://www.screener.in/company/DPSCLTD/consolidated/
MUFIN,https://www.screener.in/company/MUFIN/
HERANBA,https://www.screener.in/company/HERANBA/consolidated/
EXCELINDUS,https://www.screener.in/company/EXCELINDUS/consolidated/
GNA,https://www.screener.in/company/GNA/
SUYOG,https://www.screener.in/company/SUYOG/
SURYODAY,https://www.screener.in/company/SURYODAY/
RIIL,https://www.screener.in/company/RIIL/
ATULAUTO,https://www.screener.in/company/ATULAUTO/consolidated/
GTPL,https://www.screener.in/company/GTPL/consolidated/
SADHNANIQ,https://www.screener.in/company/SADHNANIQ/consolidated/
ADORWELD,https://www.screener.in/company/ADORWELD/consolidated/
PANACEABIO,https://www.screener.in/company/PANACEABIO/consolidated/
SAHASRA,https://www.screener.in/company/SAHASRA/
AGARIND,https://www.screener.in/company/AGARIND/consolidated/
DSSL,https://www.screener.in/company/DSSL/
GODAVARIB,https://www.screener.in/company/GODAVARIB/consolidated/
BIGBLOC,https://www.screener.in/company/BIGBLOC/consolidated/
HIRECT,https://www.screener.in/company/HIRECT/consolidated/
SWELECTES,https://www.screener.in/company/SWELECTES/consolidated/
DCMSRIND,https://www.screener.in/company/DCMSRIND/consolidated/
KBCGLOBAL,https://www.screener.in/company/KBCGLOBAL/consolidated/
WALCHANNAG,https://www.screener.in/company/WALCHANNAG/
IRMENERGY,https://www.screener.in/company/IRMENERGY/consolidated/
BHARATWIRE,https://www.screener.in/company/BHARATWIRE/
PENINLAND,https://www.screener.in/company/PENINLAND/consolidated/
INDNIPPON,https://www.screener.in/company/INDNIPPON/consolidated/
KOKUYOCMLN,https://www.screener.in/company/KOKUYOCMLN/
ARMANFIN,https://www.screener.in/company/ARMANFIN/consolidated/
MADRASFERT,https://www.screener.in/company/MADRASFERT/
ZOTA,https://www.screener.in/company/ZOTA/consolidated/
BOROSCI,https://www.screener.in/company/BOROSCI/consolidated/
SPICEJET,https://www.screener.in/company/SPICEJET/
OAL,https://www.screener.in/company/OAL/consolidated/
NDRAUTO,https://www.screener.in/company/NDRAUTO/consolidated/
HIMATSEIDE,https://www.screener.in/company/HIMATSEIDE/consolidated/
HITECHGEAR,https://www.screener.in/company/HITECHGEAR/consolidated/
OMINFRAL,https://www.screener.in/company/OMINFRAL/consolidated/
BETA,https://www.screener.in/company/BETA/consolidated/
TEXINFRA,https://www.screener.in/company/TEXINFRA/consolidated/
AMNPLST,https://www.screener.in/company/AMNPLST/consolidated/
MANGCHEFER,https://www.screener.in/company/MANGCHEFER/
DYCL,https://www.screener.in/company/DYCL/
BCLIND,https://www.screener.in/company/BCLIND/consolidated/
RML,https://www.screener.in/company/RML/consolidated/
MSPL,https://www.screener.in/company/MSPL/consolidated/
ASALCBR,https://www.screener.in/company/ASALCBR/
EVERESTIND,https://www.screener.in/company/EVERESTIND/consolidated/
CEWATER,https://www.screener.in/company/CEWATER/consolidated/
MONTECARLO,https://www.screener.in/company/MONTECARLO/
TFCILTD,https://www.screener.in/company/TFCILTD/
ALLDIGI,https://www.screener.in/company/ALLDIGI/consolidated/
BUTTERFLY,https://www.screener.in/company/BUTTERFLY/
EIMCOELECO,https://www.screener.in/company/EIMCOELECO/
SMCGLOBAL,https://www.screener.in/company/SMCGLOBAL/consolidated/
5PAISA,https://www.screener.in/company/5PAISA/
MATRIMONY,https://www.screener.in/company/MATRIMONY/consolidated/
YUKEN,https://www.screener.in/company/YUKEN/consolidated/
IMPAL,https://www.screener.in/company/IMPAL/consolidated/
LIKHITHA,https://www.screener.in/company/LIKHITHA/
KABRAEXTRU,https://www.screener.in/company/KABRAEXTRU/
SUBEXLTD,https://www.screener.in/company/SUBEXLTD/consolidated/
FAIRCHEMOR,https://www.screener.in/company/FAIRCHEMOR/
SPORTKING,https://www.screener.in/company/SPORTKING/
TECHLABS,https://www.screener.in/company/TECHLABS/consolidated/
TBZ,https://www.screener.in/company/TBZ/consolidated/
STEELCAS,https://www.screener.in/company/STEELCAS/
WINDMACHIN,https://www.screener.in/company/WINDMACHIN/consolidated/
CENTRUM,https://www.screener.in/company/CENTRUM/consolidated/
VINCOFE,https://www.screener.in/company/VINCOFE/consolidated/
ARIHANTSUP,https://www.screener.in/company/ARIHANTSUP/consolidated/
DVL,https://www.screener.in/company/DVL/consolidated/
CLSEL,https://www.screener.in/company/CLSEL/
HEXATRADEX,https://www.screener.in/company/HEXATRADEX/consolidated/
TNPL,https://www.screener.in/company/TNPL/
RICOAUTO,https://www.screener.in/company/RICOAUTO/consolidated/
MAMATA,https://www.screener.in/company/MAMATA/consolidated/
RAMCOSYS,https://www.screener.in/company/RAMCOSYS/consolidated/
SHANKARA,https://www.screener.in/company/SHANKARA/consolidated/
ORIENTTECH,https://www.screener.in/company/ORIENTTECH/
PVSL,https://www.screener.in/company/PVSL/consolidated/
PUNJABCHEM,https://www.screener.in/company/PUNJABCHEM/consolidated/
ASIANENE,https://www.screener.in/company/ASIANENE/consolidated/
GPTHEALTH,https://www.screener.in/company/GPTHEALTH/
ANDHRSUGAR,https://www.screener.in/company/ANDHRSUGAR/consolidated/
SOLEX,https://www.screener.in/company/SOLEX/
KRISHANA,https://www.screener.in/company/KRISHANA/
AGIIL,https://www.screener.in/company/AGIIL/consolidated/
KELLTONTEC,https://www.screener.in/company/KELLTONTEC/consolidated/
JGCHEM,https://www.screener.in/company/JGCHEM/consolidated/
RISHABH,https://www.screener.in/company/RISHABH/consolidated/
ACLGATI,https://www.screener.in/company/ACLGATI/consolidated/
CENTENKA,https://www.screener.in/company/CENTENKA/
VIMTALABS,https://www.screener.in/company/VIMTALABS/
KAMDHENU,https://www.screener.in/company/KAMDHENU/
VASCONEQ,https://www.screener.in/company/VASCONEQ/consolidated/
BESTAGRO,https://www.screener.in/company/BESTAGRO/consolidated/
REMUS,https://www.screener.in/company/REMUS/consolidated/
ADSL,https://www.screener.in/company/ADSL/consolidated/
SHREDIGCEM,https://www.screener.in/company/SHREDIGCEM/
KERNEX,https://www.screener.in/company/KERNEX/consolidated/
LINCOLN,https://www.screener.in/company/LINCOLN/consolidated/
SPCENET,https://www.screener.in/company/SPCENET/consolidated/
WEALTH,https://www.screener.in/company/WEALTH/
SIGNPOST,https://www.screener.in/company/SIGNPOST/consolidated/
ONEPOINT,https://www.screener.in/company/ONEPOINT/consolidated/
VLEGOV,https://www.screener.in/company/VLEGOV/
MACPOWER,https://www.screener.in/company/MACPOWER/
HERCULES,https://www.screener.in/company/HERCULES/
VHL,https://www.screener.in/company/VHL/consolidated/
TVTODAY,https://www.screener.in/company/TVTODAY/consolidated/
MANALIPETC,https://www.screener.in/company/MANALIPETC/consolidated/
CAPITALSFB,https://www.screener.in/company/CAPITALSFB/
BLISSGVS,https://www.screener.in/company/BLISSGVS/consolidated/
ESTER,https://www.screener.in/company/ESTER/consolidated/
WCIL,https://www.screener.in/company/WCIL/
CHEMFAB,https://www.screener.in/company/CHEMFAB/consolidated/
GRMOVER,https://www.screener.in/company/GRMOVER/
SAURASHCEM,https://www.screener.in/company/SAURASHCEM/consolidated/
RGL,https://www.screener.in/company/RGL/consolidated/
KROSS,https://www.screener.in/company/KROSS/
SPMLINFRA,https://www.screener.in/company/SPMLINFRA/consolidated/
DHAMPURSUG,https://www.screener.in/company/DHAMPURSUG/consolidated/
NGLFINE,https://www.screener.in/company/NGLFINE/consolidated/
XCHANGING,https://www.screener.in/company/XCHANGING/consolidated/
KECL,https://www.screener.in/company/KECL/consolidated/
CREST,https://www.screener.in/company/CREST/consolidated/
KOPRAN,https://www.screener.in/company/KOPRAN/consolidated/
SELAN,https://www.screener.in/company/SELAN/
MUKKA,https://www.screener.in/company/MUKKA/consolidated/
AVADHSUGAR,https://www.screener.in/company/AVADHSUGAR/
HLVLTD,https://www.screener.in/company/HLVLTD/
SATINDLTD,https://www.screener.in/company/SATINDLTD/consolidated/
AVTNPL,https://www.screener.in/company/AVTNPL/consolidated/
RAJRILTD,https://www.screener.in/company/RAJRILTD/
PPLPHARMA,https://www.screener.in/company/PPLPHARMA/consolidated/
VLSFINANCE,https://www.screener.in/company/VLSFINANCE/consolidated/
DWARKESH,https://www.screener.in/company/DWARKESH/
SNOWMAN,https://www.screener.in/company/SNOWMAN/
RKSWAMY,https://www.screener.in/company/RKSWAMY/consolidated/
PDMJEPAPER,https://www.screener.in/company/PDMJEPAPER/
GULPOLY,https://www.screener.in/company/GULPOLY/
JAGSNPHARM,https://www.screener.in/company/JAGSNPHARM/
INDOAMIN,https://www.screener.in/company/INDOAMIN/consolidated/
SANDESH,https://www.screener.in/company/SANDESH/
ASALCBR,https://www.screener.in/company/ASALCBR/
CONTROLPR,https://www.screener.in/company/CONTROLPR/consolidated/
SAHANA,https://www.screener.in/company/SAHANA/consolidated/
ELECTHERM,https://www.screener.in/company/ELECTHERM/consolidated/
SIMPLEXINF,https://www.screener.in/company/SIMPLEXINF/consolidated/
OSWALGREEN,https://www.screener.in/company/OSWALGREEN/
STEELXIND,https://www.screener.in/company/STEELXIND/
KUANTUM,https://www.screener.in/company/KUANTUM/
GICHSGFIN,https://www.screener.in/company/GICHSGFIN/
GALAPREC,https://www.screener.in/company/GALAPREC/
UTTAMSUGAR,https://www.screener.in/company/UTTAMSUGAR/
ICEMAKE,https://www.screener.in/company/ICEMAKE/consolidated/
HEUBACHIND,https://www.screener.in/company/HEUBACHIND/
RADHIKAJWE,https://www.screener.in/company/RADHIKAJWE/
NDTV,https://www.screener.in/company/NDTV/consolidated/
DIFFNKG,https://www.screener.in/company/DIFFNKG/
KSOLVES,https://www.screener.in/company/KSOLVES/
ARROWGREEN,https://www.screener.in/company/ARROWGREEN/consolidated/
MVGJL,https://www.screener.in/company/MVGJL/
MUFTI,https://www.screener.in/company/MUFTI/
DHUNINV,https://www.screener.in/company/DHUNINV/consolidated/
MAXIND,https://www.screener.in/company/MAXIND/consolidated/
PAKKA,https://www.screener.in/company/PAKKA/consolidated/
ROSSELLIND,https://www.screener.in/company/ROSSELLIND/
CREATIVEYE,https://www.screener.in/company/CREATIVEYE/
KOTHARIPET,https://www.screener.in/company/KOTHARIPET/
APTECHT,https://www.screener.in/company/APTECHT/consolidated/
INDORAMA,https://www.screener.in/company/INDORAMA/consolidated/
HARDWYN,https://www.screener.in/company/HARDWYN/
NACLIND,https://www.screener.in/company/NACLIND/consolidated/
C2C,https://www.screener.in/company/C2C/
SRHHYPOLTD,https://www.screener.in/company/SRHHYPOLTD/
NELCAST,https://www.screener.in/company/NELCAST/consolidated/
UNIENTER,https://www.screener.in/company/UNIENTER/
SATIA,https://www.screener.in/company/SATIA/
VILAS,https://www.screener.in/company/VILAS/
VINYAS,https://www.screener.in/company/VINYAS/
MUNJALAU,https://www.screener.in/company/MUNJALAU/consolidated/
FAZE3Q,https://www.screener.in/company/FAZE3Q/
ANUHPHR,https://www.screener.in/company/ANUHPHR/
BAJAJHCARE,https://www.screener.in/company/BAJAJHCARE/
ATLANTAA,https://www.screener.in/company/ATLANTAA/consolidated/
MAGADSUGAR,https://www.screener.in/company/MAGADSUGAR/
BLAL,https://www.screener.in/company/BLAL/
ELIN,https://www.screener.in/company/ELIN/consolidated/
GGBL,https://www.screener.in/company/GGBL/
SHALPAINTS,https://www.screener.in/company/SHALPAINTS/consolidated/
JAYBARMARU,https://www.screener.in/company/JAYBARMARU/
GANESHBE,https://www.screener.in/company/GANESHBE/
DHARMAJ,https://www.screener.in/company/DHARMAJ/
AGSTRA,https://www.screener.in/company/AGSTRA/consolidated/
BASILIC,https://www.screener.in/company/BASILIC/
SUTLEJTEX,https://www.screener.in/company/SUTLEJTEX/
TREL,https://www.screener.in/company/TREL/consolidated/
NAHARSPING,https://www.screener.in/company/NAHARSPING/
VALIANTORG,https://www.screener.in/company/VALIANTORG/consolidated/
ZEEMEDIA,https://www.screener.in/company/ZEEMEDIA/consolidated/
ZUARIIND,https://www.screener.in/company/ZUARIIND/consolidated/
SARTELE,https://www.screener.in/company/SARTELE/consolidated/
INFOBEAN,https://www.screener.in/company/INFOBEAN/consolidated/
AIMTRON,https://www.screener.in/company/AIMTRON/
URJA,https://www.screener.in/company/URJA/consolidated/
STCINDIA,https://www.screener.in/company/STCINDIA/consolidated/
KRYSTAL,https://www.screener.in/company/KRYSTAL/
GANDHITUBE,https://www.screener.in/company/GANDHITUBE/
CELLECOR,https://www.screener.in/company/CELLECOR/
SSEGL,https://www.screener.in/company/SSEGL/
THEINVEST,https://www.screener.in/company/THEINVEST/consolidated/
KAMOPAINTS,https://www.screener.in/company/KAMOPAINTS/consolidated/
SASTASUNDR,https://www.screener.in/company/SASTASUNDR/consolidated/
DENTALKART,https://www.screener.in/company/DENTALKART/
KRITI,https://www.screener.in/company/KRITI/consolidated/
KRISHNADEF,https://www.screener.in/company/KRISHNADEF/
ARIHANTCAP,https://www.screener.in/company/ARIHANTCAP/consolidated/
NINSYS,https://www.screener.in/company/NINSYS/
EMKAYTOOLS,https://www.screener.in/company/EMKAYTOOLS/
AYMSYNTEX,https://www.screener.in/company/AYMSYNTEX/
NCLIND,https://www.screener.in/company/NCLIND/
ENIL,https://www.screener.in/company/ENIL/consolidated/
APS,https://www.screener.in/company/APS/
RSWM,https://www.screener.in/company/RSWM/consolidated/
ASIANTILES,https://www.screener.in/company/ASIANTILES/consolidated/
ORIENTPPR,https://www.screener.in/company/ORIENTPPR/
KOTYARK,https://www.screener.in/company/KOTYARK/
BODALCHEM,https://www.screener.in/company/BODALCHEM/consolidated/
DHANBANK,https://www.screener.in/company/DHANBANK/
BIRLAMONEY,https://www.screener.in/company/BIRLAMONEY/
INNOVANA,https://www.screener.in/company/INNOVANA/consolidated/
GVKPIL,https://www.screener.in/company/GVKPIL/consolidated/
GHCLTEXTIL,https://www.screener.in/company/GHCLTEXTIL/
SICALLOG,https://www.screener.in/company/SICALLOG/consolidated/
RATNAVEER,https://www.screener.in/company/RATNAVEER/
SHIVALIK,https://www.screener.in/company/SHIVALIK/consolidated/
AMBIKCO,https://www.screener.in/company/AMBIKCO/
GFLLIMITED,https://www.screener.in/company/GFLLIMITED/consolidated/
ROHLTD,https://www.screener.in/company/ROHLTD/consolidated/
LINCOLN,https://www.screener.in/company/LINCOLN/consolidated/
PRIMESECU,https://www.screener.in/company/PRIMESECU/consolidated/
20MICRONS,https://www.screener.in/company/20MICRONS/consolidated/
RUSHIL,https://www.screener.in/company/RUSHIL/
SBC,https://www.screener.in/company/SBC/
RACLGEAR,https://www.screener.in/company/RACLGEAR/
RITCO,https://www.screener.in/company/RITCO/
MINDTECK,https://www.screener.in/company/MINDTECK/consolidated/
CHEMCON,https://www.screener.in/company/CHEMCON/
ESFL,https://www.screener.in/company/ESFL/
SARVESHWAR,https://www.screener.in/company/SARVESHWAR/consolidated/
FILATFASH,https://www.screener.in/company/FILATFASH/
ZODIAC,https://www.screener.in/company/ZODIAC/
SILVERTUC,https://www.screener.in/company/SILVERTUC/consolidated/
GIRIRAJ,https://www.screener.in/company/GIRIRAJ/
CSLFINANCE,https://www.screener.in/company/CSLFINANCE/
ESSARSHPNG,https://www.screener.in/company/ESSARSHPNG/consolidated/
MALLCOM,https://www.screener.in/company/MALLCOM/consolidated/
TRACXN,https://www.screener.in/company/TRACXN/
VHLTD,https://www.screener.in/company/VHLTD/consolidated/
STEL,https://www.screener.in/company/STEL/consolidated/
GARUDA,https://www.screener.in/company/GARUDA/
VISAKAIND,https://www.screener.in/company/VISAKAIND/
JAYAGROGN,https://www.screener.in/company/JAYAGROGN/consolidated/
OSWALAGRO,https://www.screener.in/company/OSWALAGRO/consolidated/
UGARSUGAR,https://www.screener.in/company/UGARSUGAR/
ALLETEC,https://www.screener.in/company/ALLETEC/consolidated/
ELDEHSG,https://www.screener.in/company/ELDEHSG/consolidated/
JPOLYINVST,https://www.screener.in/company/JPOLYINVST/consolidated/
ZUARI,https://www.screener.in/company/ZUARI/consolidated/
DBOL,https://www.screener.in/company/DBOL/consolidated/
BHAGERIA,https://www.screener.in/company/BHAGERIA/
DECCANCE,https://www.screener.in/company/DECCANCE/
MMP,https://www.screener.in/company/MMP/consolidated/
ONWARDTEC,https://www.screener.in/company/ONWARDTEC/consolidated/
RUBYMILLS,https://www.screener.in/company/RUBYMILLS/
FOODSIN,https://www.screener.in/company/FOODSIN/consolidated/
SJLOGISTIC,https://www.screener.in/company/SJLOGISTIC/consolidated/
JINDALPHOT,https://www.screener.in/company/JINDALPHOT/consolidated/
CAREERP,https://www.screener.in/company/CAREERP/consolidated/
RADIANTCMS,https://www.screener.in/company/RADIANTCMS/
ONMOBILE,https://www.screener.in/company/ONMOBILE/consolidated/
REPRO,https://www.screener.in/company/REPRO/consolidated/
COFFEEDAY,https://www.screener.in/company/COFFEEDAY/consolidated/
SHREEPUSHK,https://www.screener.in/company/SHREEPUSHK/consolidated/
GEECEE,https://www.screener.in/company/GEECEE/consolidated/
VMARCIND,https://www.screener.in/company/VMARCIND/
GSLSU,https://www.screener.in/company/GSLSU/consolidated/
SAKUMA,https://www.screener.in/company/SAKUMA/consolidated/
HPAL,https://www.screener.in/company/HPAL/
SUKHJITS,https://www.screener.in/company/SUKHJITS/consolidated/
TIRUPATIFL,https://www.screener.in/company/TIRUPATIFL/
MAANALU,https://www.screener.in/company/MAANALU/
GLOSTERLTD,https://www.screener.in/company/GLOSTERLTD/consolidated/
LIBERTSHOE,https://www.screener.in/company/LIBERTSHOE/
SPENCERS,https://www.screener.in/company/SPENCERS/consolidated/
NECLIFE,https://www.screener.in/company/NECLIFE/consolidated/
ACLGATI,https://www.screener.in/company/ACLGATI/consolidated/
TPLPLASTEH,https://www.screener.in/company/TPLPLASTEH/
SARLAPOLY,https://www.screener.in/company/SARLAPOLY/consolidated/
WSI,https://www.screener.in/company/WSI/consolidated/
FOCUS,https://www.screener.in/company/FOCUS/consolidated/
TNPETRO,https://www.screener.in/company/TNPETRO/consolidated/
CHEVIOT,https://www.screener.in/company/CHEVIOT/
TRANSWORLD,https://www.screener.in/company/TRANSWORLD/consolidated/
CHEMBOND,https://www.screener.in/company/CHEMBOND/consolidated/
RBLBANK,https://www.screener.in/company/RBLBANK/consolidated/
KDL,https://www.screener.in/company/KDL/
HINDCOMPOS,https://www.screener.in/company/HINDCOMPOS/
SPECIALITY,https://www.screener.in/company/SPECIALITY/
DENORA,https://www.screener.in/company/DENORA/
DBEIL,https://www.screener.in/company/DBEIL/
SURAJLTD,https://www.screener.in/company/SURAJLTD/
DIGISPICE,https://www.screener.in/company/DIGISPICE/consolidated/
APEX,https://www.screener.in/company/APEX/
ALBERTDAVD,https://www.screener.in/company/ALBERTDAVD/
SCHAND,https://www.screener.in/company/SCHAND/consolidated/
TAC,https://www.screener.in/company/TAC/consolidated/
TOLINS,https://www.screener.in/company/TOLINS/consolidated/
MANBA,https://www.screener.in/company/MANBA/
NDLVENTURE,https://www.screener.in/company/NDLVENTURE/
PARSVNATH,https://www.screener.in/company/PARSVNATH/consolidated/
WANBURY,https://www.screener.in/company/WANBURY/consolidated/
VRAJ,https://www.screener.in/company/VRAJ/consolidated/
VIKASLIFE,https://www.screener.in/company/VIKASLIFE/consolidated/
CCCL,https://www.screener.in/company/CCCL/consolidated/
543209,https://www.screener.in/company/543209/
PASHUPATI,https://www.screener.in/company/PASHUPATI/
INDSWFTLAB,https://www.screener.in/company/INDSWFTLAB/consolidated/
DMCC,https://www.screener.in/company/DMCC/
KHAICHEM,https://www.screener.in/company/KHAICHEM/
PVP,https://www.screener.in/company/PVP/consolidated/
ANNAPURNA,https://www.screener.in/company/ANNAPURNA/
JAYBEE,https://www.screener.in/company/JAYBEE/
AFFORDABLE,https://www.screener.in/company/AFFORDABLE/consolidated/
PLASTIBLEN,https://www.screener.in/company/PLASTIBLEN/
BIRLACABLE,https://www.screener.in/company/BIRLACABLE/
RPPINFRA,https://www.screener.in/company/RPPINFRA/consolidated/
RBMINFRA,https://www.screener.in/company/RBMINFRA/
EMAMIPAP,https://www.screener.in/company/EMAMIPAP/
INDOTHAI,https://www.screener.in/company/INDOTHAI/consolidated/
VISHNUINFR,https://www.screener.in/company/VISHNUINFR/
RVTH,https://www.screener.in/company/RVTH/
NRL,https://www.screener.in/company/NRL/consolidated/
FOCE,https://www.screener.in/company/FOCE/consolidated/
TVSELECT,https://www.screener.in/company/TVSELECT/
MENONBE,https://www.screener.in/company/MENONBE/consolidated/
NITCO,https://www.screener.in/company/NITCO/consolidated/
VINYLINDIA,https://www.screener.in/company/VINYLINDIA/
PYRAMID,https://www.screener.in/company/PYRAMID/
LOKESHMACH,https://www.screener.in/company/LOKESHMACH/
ASHIMASYN,https://www.screener.in/company/ASHIMASYN/
BALAJITELE,https://www.screener.in/company/BALAJITELE/consolidated/
BEDMUTHA,https://www.screener.in/company/BEDMUTHA/consolidated/
HMVL,https://www.screener.in/company/HMVL/
SAKAR,https://www.screener.in/company/SAKAR/
LGHL,https://www.screener.in/company/LGHL/
GOACARBON,https://www.screener.in/company/GOACARBON/
KHADIM,https://www.screener.in/company/KHADIM/consolidated/
DEEPENR,https://www.screener.in/company/DEEPENR/consolidated/
CONSOFINVT,https://www.screener.in/company/CONSOFINVT/
MBLINFRA,https://www.screener.in/company/MBLINFRA/consolidated/
NAHARPOLY,https://www.screener.in/company/NAHARPOLY/consolidated/
RBZJEWEL,https://www.screener.in/company/RBZJEWEL/
NRAIL,https://www.screener.in/company/NRAIL/
MEGATHERM,https://www.screener.in/company/MEGATHERM/
KRITINUT,https://www.screener.in/company/KRITINUT/
COOLCAPS,https://www.screener.in/company/COOLCAPS/consolidated/
DONEAR,https://www.screener.in/company/DONEAR/
GANESHIN,https://www.screener.in/company/GANESHIN/
RSSOFTWARE,https://www.screener.in/company/RSSOFTWARE/consolidated/
ADVANIHOTR,https://www.screener.in/company/ADVANIHOTR/
SKMEGGPROD,https://www.screener.in/company/SKMEGGPROD/consolidated/
SILINV,https://www.screener.in/company/SILINV/consolidated/
ABSMARINE,https://www.screener.in/company/ABSMARINE/consolidated/
CYBERTECH,https://www.screener.in/company/CYBERTECH/consolidated/
IRIS,https://www.screener.in/company/IRIS/consolidated/
KNAGRI,https://www.screener.in/company/KNAGRI/consolidated/
MOLDTECH,https://www.screener.in/company/MOLDTECH/consolidated/
RACE,https://www.screener.in/company/RACE/
MOSCHIP,https://www.screener.in/company/MOSCHIP/consolidated/
PCCL,https://www.screener.in/company/PCCL/
DAVANGERE,https://www.screener.in/company/DAVANGERE/
SUPREMEPWR,https://www.screener.in/company/SUPREMEPWR/
BCONCEPTS,https://www.screener.in/company/BCONCEPTS/
ALANKIT,https://www.screener.in/company/ALANKIT/consolidated/
SREEL,https://www.screener.in/company/SREEL/
531968,https://www.screener.in/company/531968/
INDOBORAX,https://www.screener.in/company/INDOBORAX/consolidated/
TGL,https://www.screener.in/company/TGL/
NBIFIN,https://www.screener.in/company/NBIFIN/
MUNJALSHOW,https://www.screener.in/company/MUNJALSHOW/
NAGAFERT,https://www.screener.in/company/NAGAFERT/consolidated/
SRM,https://www.screener.in/company/SRM/consolidated/
NOVAAGRI,https://www.screener.in/company/NOVAAGRI/consolidated/
KRONOX,https://www.screener.in/company/KRONOX/
IZMO,https://www.screener.in/company/IZMO/consolidated/
REMSONSIND,https://www.screener.in/company/REMSONSIND/consolidated/
DPWIRES,https://www.screener.in/company/DPWIRES/
VIKASECO,https://www.screener.in/company/VIKASECO/consolidated/
PAVNAIND,https://www.screener.in/company/PAVNAIND/
NAHARINDUS,https://www.screener.in/company/NAHARINDUS/
ATMASTCO,https://www.screener.in/company/ATMASTCO/consolidated/
DRONE,https://www.screener.in/company/DRONE/
SAHAJSOLAR,https://www.screener.in/company/SAHAJSOLAR/consolidated/
AVG,https://www.screener.in/company/AVG/
DICIND,https://www.screener.in/company/DICIND/
PHILCORP,https://www.screener.in/company/PHILCORP/
TARACHAND,https://www.screener.in/company/TARACHAND/
MANAKSIA,https://www.screener.in/company/MANAKSIA/consolidated/
BALAJEE,https://www.screener.in/company/BALAJEE/consolidated/
SPCL,https://www.screener.in/company/SPCL/
FCSSOFT,https://www.screener.in/company/FCSSOFT/consolidated/
GENUSPAPER,https://www.screener.in/company/GENUSPAPER/consolidated/
EFFWA,https://www.screener.in/company/EFFWA/
MEDICAMEQ,https://www.screener.in/company/MEDICAMEQ/consolidated/
ASMS,https://www.screener.in/company/ASMS/
SGIL,https://www.screener.in/company/SGIL/
WTICAB,https://www.screener.in/company/WTICAB/consolidated/
RMDRIP,https://www.screener.in/company/RMDRIP/consolidated/
KAYA,https://www.screener.in/company/KAYA/consolidated/
PRECOT,https://www.screener.in/company/PRECOT/consolidated/
ORIENTCER,https://www.screener.in/company/ORIENTCER/
AURUM,https://www.screener.in/company/AURUM/consolidated/
EMKAY,https://www.screener.in/company/EMKAY/consolidated/
XTGLOBAL,https://www.screener.in/company/XTGLOBAL/consolidated/
MIRZAINT,https://www.screener.in/company/MIRZAINT/consolidated/
KRISHIVAL,https://www.screener.in/company/KRISHIVAL/consolidated/
AARTISURF,https://www.screener.in/company/AARTISURF/
HINDMOTORS,https://www.screener.in/company/HINDMOTORS/
ORICONENT,https://www.screener.in/company/ORICONENT/consolidated/
HTMEDIA,https://www.screener.in/company/HTMEDIA/consolidated/
HIGREEN,https://www.screener.in/company/HIGREEN/
BPL,https://www.screener.in/company/BPL/
KAMATHOTEL,https://www.screener.in/company/KAMATHOTEL/consolidated/
PTL,https://www.screener.in/company/PTL/
SSDL,https://www.screener.in/company/SSDL/
ACCENTMIC,https://www.screener.in/company/ACCENTMIC/
RCOM,https://www.screener.in/company/RCOM/consolidated/
CLEDUCATE,https://www.screener.in/company/CLEDUCATE/consolidated/
MUTHOOTCAP,https://www.screener.in/company/MUTHOOTCAP/
HCL-INSYS,https://www.screener.in/company/HCL-INSYS/consolidated/
KCPSUGIND,https://www.screener.in/company/KCPSUGIND/consolidated/
INDOUS,https://www.screener.in/company/INDOUS/
KANORICHEM,https://www.screener.in/company/KANORICHEM/consolidated/
PREMIERPOL,https://www.screener.in/company/PREMIERPOL/
LAWSIKHO,https://www.screener.in/company/LAWSIKHO/
SHIVAMAUTO,https://www.screener.in/company/SHIVAMAUTO/
VINSYS,https://www.screener.in/company/VINSYS/consolidated/
INTLCONV,https://www.screener.in/company/INTLCONV/consolidated/
IRISDOREME,https://www.screener.in/company/IRISDOREME/
MODISONLTD,https://www.screener.in/company/MODISONLTD/
BALAXI,https://www.screener.in/company/BALAXI/consolidated/
3IINFOLTD,https://www.screener.in/company/3IINFOLTD/consolidated/
NAHARCAP,https://www.screener.in/company/NAHARCAP/consolidated/
MAZDA,https://www.screener.in/company/MAZDA/
ZIMLAB,https://www.screener.in/company/ZIMLAB/consolidated/
KILITCH,https://www.screener.in/company/KILITCH/consolidated/
GEEKAYWIRE,https://www.screener.in/company/GEEKAYWIRE/
DIAMINESQ,https://www.screener.in/company/DIAMINESQ/consolidated/
SINCLAIR,https://www.screener.in/company/SINCLAIR/
AXITA,https://www.screener.in/company/AXITA/
URAVIDEF,https://www.screener.in/company/URAVIDEF/
ASAHISONG,https://www.screener.in/company/ASAHISONG/consolidated/
MIRCELECTR,https://www.screener.in/company/MIRCELECTR/
TRF,https://www.screener.in/company/TRF/consolidated/
IFBAGRO,https://www.screener.in/company/IFBAGRO/
UYFINCORP,https://www.screener.in/company/UYFINCORP/
PROV,https://www.screener.in/company/PROV/consolidated/
APCL,https://www.screener.in/company/APCL/consolidated/
SADBHAV,https://www.screener.in/company/SADBHAV/consolidated/
SRD,https://www.screener.in/company/SRD/
VALIANTLAB,https://www.screener.in/company/VALIANTLAB/consolidated/
VIVIANA,https://www.screener.in/company/VIVIANA/
TEMBO,https://www.screener.in/company/TEMBO/consolidated/
ORIENTBELL,https://www.screener.in/company/ORIENTBELL/consolidated/
MANAKCOAT,https://www.screener.in/company/MANAKCOAT/
FROG,https://www.screener.in/company/FROG/
NILAINFRA,https://www.screener.in/company/NILAINFRA/consolidated/
INSPIRISYS,https://www.screener.in/company/INSPIRISYS/consolidated/
GOKULAGRO,https://www.screener.in/company/GOKULAGRO/consolidated/
UTSSAV,https://www.screener.in/company/UTSSAV/
BANSWRAS,https://www.screener.in/company/BANSWRAS/consolidated/
ALMONDZ,https://www.screener.in/company/ALMONDZ/consolidated/
ELGIRUBCO,https://www.screener.in/company/ELGIRUBCO/consolidated/
UNIDT,https://www.screener.in/company/UNIDT/
KOTHARIPRO,https://www.screener.in/company/KOTHARIPRO/consolidated/
RADIOCITY,https://www.screener.in/company/RADIOCITY/
ORBTEXP,https://www.screener.in/company/ORBTEXP/consolidated/
MEGASOFT,https://www.screener.in/company/MEGASOFT/consolidated/
SHREEKARNI,https://www.screener.in/company/SHREEKARNI/consolidated/
IL&FSENGG,https://www.screener.in/company/IL&FSENGG/consolidated/
LYKALABS,https://www.screener.in/company/LYKALABS/consolidated/
SOFTTECH,https://www.screener.in/company/SOFTTECH/consolidated/
SRGHFL,https://www.screener.in/company/SRGHFL/
TRUST,https://www.screener.in/company/TRUST/
AUTOIND,https://www.screener.in/company/AUTOIND/consolidated/
LEMERITE,https://www.screener.in/company/LEMERITE/
DYNPRO,https://www.screener.in/company/DYNPRO/consolidated/
KAPSTON,https://www.screener.in/company/KAPSTON/
SWARAJENG,https://www.screener.in/company/SWARAJENG/
DUGLOBAL,https://www.screener.in/company/DUGLOBAL/consolidated/
EUROBOND,https://www.screener.in/company/EUROBOND/
ZTECH,https://www.screener.in/company/ZTECH/consolidated/
OCCLLTD,https://www.screener.in/company/OCCLLTD/
UFO,https://www.screener.in/company/UFO/consolidated/
DCI,https://www.screener.in/company/DCI/
HARRMALAYA,https://www.screener.in/company/HARRMALAYA/consolidated/
NILASPACES,https://www.screener.in/company/NILASPACES/consolidated/
VSTL,https://www.screener.in/company/VSTL/
VARDHACRLC,https://www.screener.in/company/VARDHACRLC/
PHANTOMFX,https://www.screener.in/company/PHANTOMFX/
BBTCL,https://www.screener.in/company/BBTCL/consolidated/
ESCONET,https://www.screener.in/company/ESCONET/
EIFFL,https://www.screener.in/company/EIFFL/
VENUSREM,https://www.screener.in/company/VENUSREM/consolidated/
VIPULLTD,https://www.screener.in/company/VIPULLTD/consolidated/
SHEMAROO,https://www.screener.in/company/SHEMAROO/consolidated/
VIESL,https://www.screener.in/company/VIESL/consolidated/
SEJALLTD,https://www.screener.in/company/SEJALLTD/consolidated/
JETAIRWAYS,https://www.screener.in/company/JETAIRWAYS/
NAMOEWASTE,https://www.screener.in/company/NAMOEWASTE/
PRATHAM,https://www.screener.in/company/PRATHAM/
RUBFILA,https://www.screener.in/company/RUBFILA/
SHREERAMA,https://www.screener.in/company/SHREERAMA/
KOTARISUG,https://www.screener.in/company/KOTARISUG/
AFIL,https://www.screener.in/company/AFIL/
APOLSINHOT,https://www.screener.in/company/APOLSINHOT/
KRISHCA,https://www.screener.in/company/KRISHCA/
EMMIL,https://www.screener.in/company/EMMIL/
KRITIKA,https://www.screener.in/company/KRITIKA/
PRITIKAUTO,https://www.screener.in/company/PRITIKAUTO/consolidated/
SAKHTISUG,https://www.screener.in/company/SAKHTISUG/
MAWANASUG,https://www.screener.in/company/MAWANASUG/consolidated/
CGRAPHICS,https://www.screener.in/company/CGRAPHICS/consolidated/
SHERA,https://www.screener.in/company/SHERA/consolidated/
AIRAN,https://www.screener.in/company/AIRAN/consolidated/
BEWLTD,https://www.screener.in/company/BEWLTD/
HITECHCORP,https://www.screener.in/company/HITECHCORP/
PODDARMENT,https://www.screener.in/company/PODDARMENT/
TBI,https://www.screener.in/company/TBI/
NIPPOBATRY,https://www.screener.in/company/NIPPOBATRY/consolidated/
DYNAMIC,https://www.screener.in/company/DYNAMIC/consolidated/
NDGL,https://www.screener.in/company/NDGL/consolidated/
SAAKSHI,https://www.screener.in/company/SAAKSHI/
MANORG,https://www.screener.in/company/MANORG/
OBSCP,https://www.screener.in/company/OBSCP/
PASUPTAC,https://www.screener.in/company/PASUPTAC/
SBIN,https://www.screener.in/company/SBIN/consolidated/
ATLANTAA,https://www.screener.in/company/ATLANTAA/consolidated/
PROZONER,https://www.screener.in/company/PROZONER/consolidated/
KATARIA,https://www.screener.in/company/KATARIA/
MGEL,https://www.screener.in/company/MGEL/
DJML,https://www.screener.in/company/DJML/
AVPINFRA,https://www.screener.in/company/AVPINFRA/
CINELINE,https://www.screener.in/company/CINELINE/consolidated/
DCMNVL,https://www.screener.in/company/DCMNVL/consolidated/
MANOMAY,https://www.screener.in/company/MANOMAY/
SCPL,https://www.screener.in/company/SCPL/
BRNL,https://www.screener.in/company/BRNL/consolidated/
PONNIERODE,https://www.screener.in/company/PONNIERODE/
ABAN,https://www.screener.in/company/ABAN/consolidated/
EMAMIREAL,https://www.screener.in/company/EMAMIREAL/consolidated/
NEPHROCARE,https://www.screener.in/company/NEPHROCARE/
EXXARO,https://www.screener.in/company/EXXARO/consolidated/
ABINFRA,https://www.screener.in/company/ABINFRA/
CHAVDA,https://www.screener.in/company/CHAVDA/
NATHBIOGEN,https://www.screener.in/company/NATHBIOGEN/
TCL,https://www.screener.in/company/TCL/consolidated/
RUCHIRA,https://www.screener.in/company/RUCHIRA/
MANAKSTEEL,https://www.screener.in/company/MANAKSTEEL/
TIRUPATIFL,https://www.screener.in/company/TIRUPATIFL/
UCAL,https://www.screener.in/company/UCAL/consolidated/
UNIVPHOTO,https://www.screener.in/company/UNIVPHOTO/consolidated/
OSIAHYPER,https://www.screener.in/company/OSIAHYPER/
SINTERCOM,https://www.screener.in/company/SINTERCOM/
LALPATHLAB,https://www.screener.in/company/LALPATHLAB/consolidated/
ESSENTIA,https://www.screener.in/company/ESSENTIA/consolidated/
TRUEGREEN,https://www.screener.in/company/TRUEGREEN/
SIGMA,https://www.screener.in/company/SIGMA/consolidated/
SAHYADRI,https://www.screener.in/company/SAHYADRI/
MEDICO,https://www.screener.in/company/MEDICO/
GLOBALVECT,https://www.screener.in/company/GLOBALVECT/
SUMIT,https://www.screener.in/company/SUMIT/consolidated/
IVC,https://www.screener.in/company/IVC/consolidated/
BAHETI,https://www.screener.in/company/BAHETI/
JAYSREETEA,https://www.screener.in/company/JAYSREETEA/consolidated/
WINSOL,https://www.screener.in/company/WINSOL/
PURVFLEXI,https://www.screener.in/company/PURVFLEXI/consolidated/
SHIVAUM,https://www.screener.in/company/SHIVAUM/
GLOBALVECT,https://www.screener.in/company/GLOBALVECT/
INFINIUM,https://www.screener.in/company/INFINIUM/consolidated/
GUJAPOLLO,https://www.screener.in/company/GUJAPOLLO/consolidated/
ARIES,https://www.screener.in/company/ARIES/consolidated/
SMSLIFE,https://www.screener.in/company/SMSLIFE/consolidated/
IEML,https://www.screener.in/company/IEML/consolidated/
ASIANHOTNR,https://www.screener.in/company/ASIANHOTNR/
SKP,https://www.screener.in/company/SKP/consolidated/
TRIGYN,https://www.screener.in/company/TRIGYN/consolidated/
VIPCLOTHNG,https://www.screener.in/company/VIPCLOTHNG/
BYKE,https://www.screener.in/company/BYKE/
MWL,https://www.screener.in/company/MWL/
NDLVENTURE,https://www.screener.in/company/NDLVENTURE/
MKPL,https://www.screener.in/company/MKPL/
SUNDRMBRAK,https://www.screener.in/company/SUNDRMBRAK/
AVONMORE,https://www.screener.in/company/AVONMORE/consolidated/
GULFPETRO,https://www.screener.in/company/GULFPETRO/
PLAZACABLE,https://www.screener.in/company/PLAZACABLE/
MAHEPC,https://www.screener.in/company/MAHEPC/
SYSTANGO,https://www.screener.in/company/SYSTANGO/consolidated/
VARDMNPOLY,https://www.screener.in/company/VARDMNPOLY/
BASML,https://www.screener.in/company/BASML/consolidated/
KARNIKA,https://www.screener.in/company/KARNIKA/
PARIN,https://www.screener.in/company/PARIN/consolidated/
SHREYANIND,https://www.screener.in/company/SHREYANIND/
PELATRO,https://www.screener.in/company/PELATRO/consolidated/
UMAEXPORTS,https://www.screener.in/company/UMAEXPORTS/consolidated/
RNFI,https://www.screener.in/company/RNFI/consolidated/
STARPAPER,https://www.screener.in/company/STARPAPER/
CCHHL,https://www.screener.in/company/CCHHL/consolidated/
LORDSCHLO,https://www.screener.in/company/LORDSCHLO/
GPECO,https://www.screener.in/company/GPECO/
DRCSYSTEMS,https://www.screener.in/company/DRCSYSTEMS/consolidated/
ETML,https://www.screener.in/company/ETML/consolidated/
RHL,https://www.screener.in/company/RHL/
GOYALSALT,https://www.screener.in/company/GOYALSALT/
BGRENERGY,https://www.screener.in/company/BGRENERGY/consolidated/
GOLDTECH,https://www.screener.in/company/GOLDTECH/consolidated/
RAMAPHO,https://www.screener.in/company/RAMAPHO/
REPL,https://www.screener.in/company/REPL/consolidated/
SOUTHWEST,https://www.screener.in/company/SOUTHWEST/
SHYAMCENT,https://www.screener.in/company/SHYAMCENT/
COASTCORP,https://www.screener.in/company/COASTCORP/consolidated/
NEWJAISA,https://www.screener.in/company/NEWJAISA/
TREJHARA,https://www.screener.in/company/TREJHARA/consolidated/
KMSUGAR,https://www.screener.in/company/KMSUGAR/
RVHL,https://www.screener.in/company/RVHL/consolidated/
BROOKS,https://www.screener.in/company/BROOKS/consolidated/
KCEIL,https://www.screener.in/company/KCEIL/
SPECTSTM,https://www.screener.in/company/SPECTSTM/consolidated/
REFRACTORY,https://www.screener.in/company/REFRACTORY/
WELINV,https://www.screener.in/company/WELINV/
ABCOTS,https://www.screener.in/company/ABCOTS/
RANASUG,https://www.screener.in/company/RANASUG/
INFOLLION,https://www.screener.in/company/INFOLLION/
OSELDEVICE,https://www.screener.in/company/OSELDEVICE/
INTENTECH,https://www.screener.in/company/INTENTECH/consolidated/
MURUDCERA,https://www.screener.in/company/MURUDCERA/
MCLEODRUSS,https://www.screener.in/company/MCLEODRUSS/consolidated/
USK,https://www.screener.in/company/USK/
BHAGYANGR,https://www.screener.in/company/BHAGYANGR/consolidated/
VISASTEEL,https://www.screener.in/company/VISASTEEL/consolidated/
ZODIACLOTH,https://www.screener.in/company/ZODIACLOTH/consolidated/
SHRADHA,https://www.screener.in/company/SHRADHA/consolidated/
VISHWARAJ,https://www.screener.in/company/VISHWARAJ/
A2ZINFRA,https://www.screener.in/company/A2ZINFRA/consolidated/
RANEENGINE,https://www.screener.in/company/RANEENGINE/
PILITA,https://www.screener.in/company/PILITA/
EFACTOR,https://www.screener.in/company/EFACTOR/consolidated/
ROCKINGDCE,https://www.screener.in/company/ROCKINGDCE/
ODIGMA,https://www.screener.in/company/ODIGMA/
FRESHARA,https://www.screener.in/company/FRESHARA/
RAJTV,https://www.screener.in/company/RAJTV/
DEVIT,https://www.screener.in/company/DEVIT/consolidated/
SVLL,https://www.screener.in/company/SVLL/
MARALOVER,https://www.screener.in/company/MARALOVER/
TECHERA,https://www.screener.in/company/TECHERA/
NECCLTD,https://www.screener.in/company/NECCLTD/
RUCHINFRA,https://www.screener.in/company/RUCHINFRA/consolidated/
INDOWIND,https://www.screener.in/company/INDOWIND/consolidated/
VIRINCHI,https://www.screener.in/company/VIRINCHI/consolidated/
SURANAT&P,https://www.screener.in/company/SURANAT&P/consolidated/
FELIX,https://www.screener.in/company/FELIX/consolidated/
RAJMET,https://www.screener.in/company/RAJMET/
K2INFRA,https://www.screener.in/company/K2INFRA/consolidated/
SDREAMS,https://www.screener.in/company/SDREAMS/
POSITRON,https://www.screener.in/company/POSITRON/
PARADEEP,https://www.screener.in/company/PARADEEP/consolidated/
LAKSHYA,https://www.screener.in/company/LAKSHYA/
AARON,https://www.screener.in/company/AARON/
MEGASTAR,https://www.screener.in/company/MEGASTAR/
LANCORHOL,https://www.screener.in/company/LANCORHOL/consolidated/
MODIRUBBER,https://www.screener.in/company/MODIRUBBER/consolidated/
PROPEQUITY,https://www.screener.in/company/PROPEQUITY/
SURANI,https://www.screener.in/company/SURANI/
KCK,https://www.screener.in/company/KCK/
MAGNUM,https://www.screener.in/company/MAGNUM/
NURECA,https://www.screener.in/company/NURECA/consolidated/
KBCGLOBAL,https://www.screener.in/company/KBCGLOBAL/consolidated/
ZEELEARN,https://www.screener.in/company/ZEELEARN/consolidated/
NIRMAN,https://www.screener.in/company/NIRMAN/
RAMANEWS,https://www.screener.in/company/RAMANEWS/
PPAP,https://www.screener.in/company/PPAP/consolidated/
GOLDKART,https://www.screener.in/company/GOLDKART/
MAHASTEEL,https://www.screener.in/company/MAHASTEEL/
RPPL,https://www.screener.in/company/RPPL/consolidated/
CRAYONS,https://www.screener.in/company/CRAYONS/
GOLDSTAR,https://www.screener.in/company/GOLDSTAR/
LGBFORGE,https://www.screener.in/company/LGBFORGE/
TTL,https://www.screener.in/company/TTL/
THOMASCOTT,https://www.screener.in/company/THOMASCOTT/
IEL,https://www.screener.in/company/IEL/consolidated/
PRLIND,https://www.screener.in/company/PRLIND/
CROWN,https://www.screener.in/company/CROWN/
VETO,https://www.screener.in/company/VETO/consolidated/
RKEC,https://www.screener.in/company/RKEC/consolidated/
MANCREDIT,https://www.screener.in/company/MANCREDIT/
AURDIS,https://www.screener.in/company/AURDIS/
COMSYN,https://www.screener.in/company/COMSYN/
CORDSCABLE,https://www.screener.in/company/CORDSCABLE/
NOIDATOLL,https://www.screener.in/company/NOIDATOLL/consolidated/
TAKE,https://www.screener.in/company/TAKE/consolidated/
OMAXAUTO,https://www.screener.in/company/OMAXAUTO/
SUPREMEINF,https://www.screener.in/company/SUPREMEINF/consolidated/
USHAFIN,https://www.screener.in/company/USHAFIN/
ANLON,https://www.screener.in/company/ANLON/
STARTECK,https://www.screener.in/company/STARTECK/
ALPHAGEO,https://www.screener.in/company/ALPHAGEO/consolidated/
PARAGON,https://www.screener.in/company/PARAGON/
SHIVATEX,https://www.screener.in/company/SHIVATEX/
DTIL,https://www.screener.in/company/DTIL/consolidated/
DELPHIFX,https://www.screener.in/company/DELPHIFX/
ROXHITECH,https://www.screener.in/company/ROXHITECH/
JEYYAM,https://www.screener.in/company/JEYYAM/
AKANKSHA,https://www.screener.in/company/AKANKSHA/
OCCLLTD,https://www.screener.in/company/OCCLLTD/
DUCON,https://www.screener.in/company/DUCON/consolidated/
SONAMLTD,https://www.screener.in/company/SONAMLTD/
GINNIFILA,https://www.screener.in/company/GINNIFILA/
AHLEAST,https://www.screener.in/company/AHLEAST/consolidated/
SADHAV,https://www.screener.in/company/SADHAV/
UNITEDPOLY,https://www.screener.in/company/UNITEDPOLY/
INDTERRAIN,https://www.screener.in/company/INDTERRAIN/
TUNWAL,https://www.screener.in/company/TUNWAL/
KANPRPLA,https://www.screener.in/company/KANPRPLA/
INVENTURE,https://www.screener.in/company/INVENTURE/consolidated/
IPHL,https://www.screener.in/company/IPHL/consolidated/
AKSHARCHEM,https://www.screener.in/company/AKSHARCHEM/
VRLLOG,https://www.screener.in/company/VRLLOG/
INNOMET,https://www.screener.in/company/INNOMET/
PIGL,https://www.screener.in/company/PIGL/
CANARYS,https://www.screener.in/company/CANARYS/consolidated/
CMNL,https://www.screener.in/company/CMNL/
NITIRAJ,https://www.screener.in/company/NITIRAJ/
HINDCON,https://www.screener.in/company/HINDCON/consolidated/
SMARTLINK,https://www.screener.in/company/SMARTLINK/consolidated/
DIGIKORE,https://www.screener.in/company/DIGIKORE/
MADHUSUDAN,https://www.screener.in/company/MADHUSUDAN/
PRAXIS,https://www.screener.in/company/PRAXIS/
MASON,https://www.screener.in/company/MASON/
KONSTELEC,https://www.screener.in/company/KONSTELEC/
EQUIPPP,https://www.screener.in/company/EQUIPPP/consolidated/
PANSARI,https://www.screener.in/company/PANSARI/
DGCONTENT,https://www.screener.in/company/DGCONTENT/consolidated/
ZEAL,https://www.screener.in/company/ZEAL/consolidated/
GENCON,https://www.screener.in/company/GENCON/
PRAENG,https://www.screener.in/company/PRAENG/consolidated/
AERON,https://www.screener.in/company/AERON/
UNIVASTU,https://www.screener.in/company/UNIVASTU/consolidated/
LOYALTEX,https://www.screener.in/company/LOYALTEX/consolidated/
ARHAM,https://www.screener.in/company/ARHAM/
PANACHE,https://www.screener.in/company/PANACHE/
SUPERHOUSE,https://www.screener.in/company/SUPERHOUSE/consolidated/
RBS,https://www.screener.in/company/RBS/
SMLT,https://www.screener.in/company/SMLT/
GRCL,https://www.screener.in/company/GRCL/
TIPSFILMS,https://www.screener.in/company/TIPSFILMS/
COMPUSOFT,https://www.screener.in/company/COMPUSOFT/consolidated/
JMA,https://www.screener.in/company/JMA/consolidated/
SADBHIN,https://www.screener.in/company/SADBHIN/consolidated/
ARCHIDPLY,https://www.screener.in/company/ARCHIDPLY/consolidated/
ONDOOR,https://www.screener.in/company/ONDOOR/
DCG,https://www.screener.in/company/DCG/
ANIKINDS,https://www.screener.in/company/ANIKINDS/consolidated/
BSL,https://www.screener.in/company/BSL/
ISFT,https://www.screener.in/company/ISFT/consolidated/
UMANGDAIRY,https://www.screener.in/company/UMANGDAIRY/
AGARWALTUF,https://www.screener.in/company/AGARWALTUF/
LLOYDSME,https://www.screener.in/company/LLOYDSME/
NIRAJ,https://www.screener.in/company/NIRAJ/
MAHAPEXLTD,https://www.screener.in/company/MAHAPEXLTD/consolidated/
SONAMAC,https://www.screener.in/company/SONAMAC/
OSWALSEEDS,https://www.screener.in/company/OSWALSEEDS/consolidated/
SAHYADRI,https://www.screener.in/company/SAHYADRI/
RAJSREESUG,https://www.screener.in/company/RAJSREESUG/
OILCOUNTUB,https://www.screener.in/company/OILCOUNTUB/
YASHOPTICS,https://www.screener.in/company/YASHOPTICS/
ALPA,https://www.screener.in/company/ALPA/consolidated/
ENSER,https://www.screener.in/company/ENSER/
TAINWALCHM,https://www.screener.in/company/TAINWALCHM/
SURANASOL,https://www.screener.in/company/SURANASOL/
EMMBI,https://www.screener.in/company/EMMBI/
DPEL,https://www.screener.in/company/DPEL/
SECL,https://www.screener.in/company/SECL/
AARTECH,https://www.screener.in/company/AARTECH/
SHREEOSFM,https://www.screener.in/company/SHREEOSFM/
ASPINWALL,https://www.screener.in/company/ASPINWALL/consolidated/
SHAH,https://www.screener.in/company/SHAH/consolidated/
UNITEDTEA,https://www.screener.in/company/UNITEDTEA/
AMJLAND,https://www.screener.in/company/AMJLAND/consolidated/
TROM,https://www.screener.in/company/TROM/
LAGNAM,https://www.screener.in/company/LAGNAM/
MAXPOSURE,https://www.screener.in/company/MAXPOSURE/
UNIHEALTH,https://www.screener.in/company/UNIHEALTH/consolidated/
ESPRIT,https://www.screener.in/company/ESPRIT/consolidated/
ENVIRO,https://www.screener.in/company/ENVIRO/
DELAPLEX,https://www.screener.in/company/DELAPLEX/
IVP,https://www.screener.in/company/IVP/
CORALFINAC,https://www.screener.in/company/CORALFINAC/
SIGIND,https://www.screener.in/company/SIGIND/
KLL,https://www.screener.in/company/KLL/consolidated/
CAPTRUST,https://www.screener.in/company/CAPTRUST/
INCREDIBLE,https://www.screener.in/company/INCREDIBLE/
HINDNATGLS,https://www.screener.in/company/HINDNATGLS/
GRETEX,https://www.screener.in/company/GRETEX/
SSFL,https://www.screener.in/company/SSFL/
GTLINFRA,https://www.screener.in/company/GTLINFRA/
INDBANK,https://www.screener.in/company/INDBANK/
SHIGAN,https://www.screener.in/company/SHIGAN/
538451,https://www.screener.in/company/538451/
INM,https://www.screener.in/company/INM/
LOVABLE,https://www.screener.in/company/LOVABLE/
QMSMEDI,https://www.screener.in/company/QMSMEDI/consolidated/
SOMICONVEY,https://www.screener.in/company/SOMICONVEY/
AARVI,https://www.screener.in/company/AARVI/consolidated/
GILLANDERS,https://www.screener.in/company/GILLANDERS/consolidated/
TEXMOPIPES,https://www.screener.in/company/TEXMOPIPES/consolidated/
GVPTECH,https://www.screener.in/company/GVPTECH/
CTE,https://www.screener.in/company/CTE/consolidated/
URBAN,https://www.screener.in/company/URBAN/
SALSTEEL,https://www.screener.in/company/SALSTEEL/
MODTHREAD,https://www.screener.in/company/MODTHREAD/
BEACON,https://www.screener.in/company/BEACON/consolidated/
WEIZMANIND,https://www.screener.in/company/WEIZMANIND/consolidated/
IL&FSTRANS,https://www.screener.in/company/IL&FSTRANS/
PURPLEUTED,https://www.screener.in/company/PURPLEUTED/
RAJPUTANA,https://www.screener.in/company/RAJPUTANA/consolidated/
DENEERS,https://www.screener.in/company/DENEERS/
GSS,https://www.screener.in/company/GSS/consolidated/
BAGFILMS,https://www.screener.in/company/BAGFILMS/consolidated/
CENTEXT,https://www.screener.in/company/CENTEXT/
BALPHARMA,https://www.screener.in/company/BALPHARMA/consolidated/
DHRUV,https://www.screener.in/company/DHRUV/
PRITIKAUTO,https://www.screener.in/company/PRITIKAUTO/consolidated/
KALYANIFRG,https://www.screener.in/company/KALYANIFRG/
ARVEE,https://www.screener.in/company/ARVEE/
SATECH,https://www.screener.in/company/SATECH/
KHFM,https://www.screener.in/company/KHFM/consolidated/
MANAKALUCO,https://www.screener.in/company/MANAKALUCO/
JHS,https://www.screener.in/company/JHS/consolidated/
PRITIKAUTO,https://www.screener.in/company/PRITIKAUTO/consolidated/
QUESTLAB,https://www.screener.in/company/QUESTLAB/
MHLXMIRU,https://www.screener.in/company/MHLXMIRU/
MAITREYA,https://www.screener.in/company/MAITREYA/consolidated/
FLEXITUFF,https://www.screener.in/company/FLEXITUFF/consolidated/
BAFNAPH,https://www.screener.in/company/BAFNAPH/
HDIL,https://www.screener.in/company/HDIL/
AIROLAM,https://www.screener.in/company/AIROLAM/consolidated/
MAHESHWARI,https://www.screener.in/company/MAHESHWARI/
NAMAN,https://www.screener.in/company/NAMAN/
RAJINDLTD,https://www.screener.in/company/RAJINDLTD/
VITAL,https://www.screener.in/company/VITAL/consolidated/
KREBSBIO,https://www.screener.in/company/KREBSBIO/
VAISHALI,https://www.screener.in/company/VAISHALI/
FIDEL,https://www.screener.in/company/FIDEL/
BAIDFIN,https://www.screener.in/company/BAIDFIN/
XELPMOC,https://www.screener.in/company/XELPMOC/consolidated/
DUCOL,https://www.screener.in/company/DUCOL/
MANGALAM,https://www.screener.in/company/MANGALAM/
SYLVANPLY,https://www.screener.in/company/SYLVANPLY/
MDL,https://www.screener.in/company/MDL/consolidated/
KEYFINSERV,https://www.screener.in/company/KEYFINSERV/consolidated/
GANGESSECU,https://www.screener.in/company/GANGESSECU/consolidated/
HILTON,https://www.screener.in/company/HILTON/
USASEEDS,https://www.screener.in/company/USASEEDS/
MUKTAARTS,https://www.screener.in/company/MUKTAARTS/consolidated/
RHFL,https://www.screener.in/company/RHFL/
DCMSHRIRAM,https://www.screener.in/company/DCMSHRIRAM/consolidated/
JOCIL,https://www.screener.in/company/JOCIL/
LAMBODHARA,https://www.screener.in/company/LAMBODHARA/
SILVERTUC,https://www.screener.in/company/SILVERTUC/consolidated/
ATAM,https://www.screener.in/company/ATAM/
SELMC,https://www.screener.in/company/SELMC/
SUNLITE,https://www.screener.in/company/SUNLITE/
RULKA,https://www.screener.in/company/RULKA/
PRIZOR,https://www.screener.in/company/PRIZOR/
SIKKO,https://www.screener.in/company/SIKKO/
CHETANA,https://www.screener.in/company/CHETANA/
ANMOL,https://www.screener.in/company/ANMOL/
GREENCHEF,https://www.screener.in/company/GREENCHEF/
SHEKHAWATI,https://www.screener.in/company/SHEKHAWATI/
FORCAS,https://www.screener.in/company/FORCAS/
TARMAT,https://www.screener.in/company/TARMAT/
SPLIL,https://www.screener.in/company/SPLIL/
SETCO,https://www.screener.in/company/SETCO/consolidated/
FONEBOX,https://www.screener.in/company/FONEBOX/
MRO-TEK,https://www.screener.in/company/MRO-TEK/
EROSMEDIA,https://www.screener.in/company/EROSMEDIA/consolidated/
AISL,https://www.screener.in/company/AISL/consolidated/
AKI,https://www.screener.in/company/AKI/
APEXECO,https://www.screener.in/company/APEXECO/
HOMESFY,https://www.screener.in/company/HOMESFY/consolidated/
UHTL,https://www.screener.in/company/UHTL/
JAINAM,https://www.screener.in/company/JAINAM/
LATTEYS,https://www.screener.in/company/LATTEYS/
AMBEY,https://www.screener.in/company/AMBEY/
REGENCERAM,https://www.screener.in/company/REGENCERAM/
BHANDARI,https://www.screener.in/company/BHANDARI/
RELCHEMQ,https://www.screener.in/company/RELCHEMQ/
ENFUSE,https://www.screener.in/company/ENFUSE/
ANSALAPI,https://www.screener.in/company/ANSALAPI/consolidated/
IPSL,https://www.screener.in/company/IPSL/
GICL,https://www.screener.in/company/GICL/
INDIANCARD,https://www.screener.in/company/INDIANCARD/consolidated/
MITCON,https://www.screener.in/company/MITCON/consolidated/
ZENITHDRUG,https://www.screener.in/company/ZENITHDRUG/
DIGIDRIVE,https://www.screener.in/company/DIGIDRIVE/consolidated/
HVAX,https://www.screener.in/company/HVAX/
TOUCHWOOD,https://www.screener.in/company/TOUCHWOOD/
WIPL,https://www.screener.in/company/WIPL/consolidated/
KAKATCEM,https://www.screener.in/company/KAKATCEM/
HPIL,https://www.screener.in/company/HPIL/
RAPPID,https://www.screener.in/company/RAPPID/
SHRITECH,https://www.screener.in/company/SHRITECH/
SURYALAXMI,https://www.screener.in/company/SURYALAXMI/
ACCURACY,https://www.screener.in/company/ACCURACY/consolidated/
PULZ,https://www.screener.in/company/PULZ/consolidated/
DRSDILIP,https://www.screener.in/company/DRSDILIP/
DBSTOCKBRO,https://www.screener.in/company/DBSTOCKBRO/consolidated/
BHARATGEAR,https://www.screener.in/company/BHARATGEAR/
EFORCE,https://www.screener.in/company/EFORCE/
ASHALOG,https://www.screener.in/company/ASHALOG/consolidated/
PATINTLOG,https://www.screener.in/company/PATINTLOG/
BEARDSELL,https://www.screener.in/company/BEARDSELL/
ARTNIRMAN,https://www.screener.in/company/ARTNIRMAN/
PRAMARA,https://www.screener.in/company/PRAMARA/consolidated/
AKSHOPTFBR,https://www.screener.in/company/AKSHOPTFBR/consolidated/
ZENITHEXPO,https://www.screener.in/company/ZENITHEXPO/
PRAKASHSTL,https://www.screener.in/company/PRAKASHSTL/
KOHINOOR,https://www.screener.in/company/KOHINOOR/consolidated/
ALUWIND,https://www.screener.in/company/ALUWIND/
SALONA,https://www.screener.in/company/SALONA/
DESTINY,https://www.screener.in/company/DESTINY/
BTML,https://www.screener.in/company/BTML/consolidated/
AAREYDRUGS,https://www.screener.in/company/AAREYDRUGS/
PKTEA,https://www.screener.in/company/PKTEA/
DECCANTRAN,https://www.screener.in/company/DECCANTRAN/consolidated/
GAYAPROJ,https://www.screener.in/company/GAYAPROJ/consolidated/
KELLTONTEC,https://www.screener.in/company/KELLTONTEC/consolidated/
VISESHINFO,https://www.screener.in/company/VISESHINFO/consolidated/
SRIVASAVI,https://www.screener.in/company/SRIVASAVI/
IBLFL,https://www.screener.in/company/IBLFL/
3RDROCK,https://www.screener.in/company/3RDROCK/
AVROIND,https://www.screener.in/company/AVROIND/
SOTAC,https://www.screener.in/company/SOTAC/consolidated/
ASCOM,https://www.screener.in/company/ASCOM/
PALASHSECU,https://www.screener.in/company/PALASHSECU/consolidated/
MADHAVBAUG,https://www.screener.in/company/MADHAVBAUG/consolidated/
AAATECH,https://www.screener.in/company/AAATECH/
STEELCITY,https://www.screener.in/company/STEELCITY/consolidated/
PRUDMOULI,https://www.screener.in/company/PRUDMOULI/consolidated/
PIONEEREMB,https://www.screener.in/company/PIONEEREMB/consolidated/
VASWANI,https://www.screener.in/company/VASWANI/
TOTAL,https://www.screener.in/company/TOTAL/consolidated/
LOTUSEYE,https://www.screener.in/company/LOTUSEYE/
AUSOMENT,https://www.screener.in/company/AUSOMENT/consolidated/
530585,https://www.screener.in/company/530585/consolidated/
CUBEXTUB,https://www.screener.in/company/CUBEXTUB/
TFL,https://www.screener.in/company/TFL/consolidated/
SHUBHSHREE,https://www.screener.in/company/SHUBHSHREE/
GLOBE,https://www.screener.in/company/GLOBE/consolidated/
LPDC,https://www.screener.in/company/LPDC/
SFML,https://www.screener.in/company/SFML/consolidated/
BAWEJA,https://www.screener.in/company/BAWEJA/
APRAMEYA,https://www.screener.in/company/APRAMEYA/
SHAHALLOYS,https://www.screener.in/company/SHAHALLOYS/consolidated/
SEMAC,https://www.screener.in/company/SEMAC/consolidated/
VEEKAYEM,https://www.screener.in/company/VEEKAYEM/
TPHQ,https://www.screener.in/company/TPHQ/
FIBERWEB,https://www.screener.in/company/FIBERWEB/
FRETAIL,https://www.screener.in/company/FRETAIL/
DHANLAXMI,https://www.screener.in/company/DHANLAXMI/
MOTOGENFIN,https://www.screener.in/company/MOTOGENFIN/consolidated/
ZENITHSTL,https://www.screener.in/company/ZENITHSTL/consolidated/
NMSTEEL,https://www.screener.in/company/NMSTEEL/
MACOBSTECH,https://www.screener.in/company/MACOBSTECH/
PSFL,https://www.screener.in/company/PSFL/
AESTHETIK,https://www.screener.in/company/AESTHETIK/consolidated/
GOYALALUM,https://www.screener.in/company/GOYALALUM/consolidated/
SUNDARAM,https://www.screener.in/company/SUNDARAM/
DTL,https://www.screener.in/company/DTL/
SOMATEX,https://www.screener.in/company/SOMATEX/
AHLADA,https://www.screener.in/company/AHLADA/
HOLMARC,https://www.screener.in/company/HOLMARC/
TRANSTEEL,https://www.screener.in/company/TRANSTEEL/
TERASOFT,https://www.screener.in/company/TERASOFT/
EXCELINDUS,https://www.screener.in/company/EXCELINDUS/consolidated/
SAMPANN,https://www.screener.in/company/SAMPANN/consolidated/
SELAN,https://www.screener.in/company/SELAN/
LASA,https://www.screener.in/company/LASA/
AJOONI,https://www.screener.in/company/AJOONI/
SCML,https://www.screener.in/company/SCML/
PARTYCRUS,https://www.screener.in/company/PARTYCRUS/
AUSL,https://www.screener.in/company/AUSL/
AMDIND,https://www.screener.in/company/AMDIND/
BRACEPORT,https://www.screener.in/company/BRACEPORT/
BVCL,https://www.screener.in/company/BVCL/consolidated/
IDENTICAL,https://www.screener.in/company/IDENTICAL/
FCONSUMER,https://www.screener.in/company/FCONSUMER/consolidated/
AARVEEDEN,https://www.screener.in/company/AARVEEDEN/
BANKA,https://www.screener.in/company/BANKA/consolidated/
WOMANCART,https://www.screener.in/company/WOMANCART/consolidated/
MASTERTR,https://www.screener.in/company/MASTERTR/consolidated/
DHARIWAL,https://www.screener.in/company/DHARIWAL/
INDSWFTLTD,https://www.screener.in/company/INDSWFTLTD/
SKIL,https://www.screener.in/company/SKIL/consolidated/
GROBTEA,https://www.screener.in/company/GROBTEA/
AGRITECH,https://www.screener.in/company/AGRITECH/
TIMESGTY,https://www.screener.in/company/TIMESGTY/
ENERGYDEV,https://www.screener.in/company/ENERGYDEV/consolidated/
ALKALI,https://www.screener.in/company/ALKALI/
YAARI,https://www.screener.in/company/YAARI/consolidated/
VINNY,https://www.screener.in/company/VINNY/
AAKASH,https://www.screener.in/company/AAKASH/
PALREDTEC,https://www.screener.in/company/PALREDTEC/consolidated/
BLUEPEBBLE,https://www.screener.in/company/BLUEPEBBLE/
NAGREEKEXP,https://www.screener.in/company/NAGREEKEXP/
OBCL,https://www.screener.in/company/OBCL/consolidated/
LAMOSAIC,https://www.screener.in/company/LAMOSAIC/
AVIANSH,https://www.screener.in/company/AVIANSH/
MARCO,https://www.screener.in/company/MARCO/
SECURKLOUD,https://www.screener.in/company/SECURKLOUD/consolidated/
PARAMATRIX,https://www.screener.in/company/PARAMATRIX/consolidated/
CEREBRAINT,https://www.screener.in/company/CEREBRAINT/consolidated/
HECPROJECT,https://www.screener.in/company/HECPROJECT/
ASPIRE,https://www.screener.in/company/ASPIRE/
TOKYOPLAST,https://www.screener.in/company/TOKYOPLAST/
PARASPETRO,https://www.screener.in/company/PARASPETRO/
SUVIDHAA,https://www.screener.in/company/SUVIDHAA/consolidated/
VLINFRA,https://www.screener.in/company/VLINFRA/
GRAPHISAD,https://www.screener.in/company/GRAPHISAD/consolidated/
MCLEODRUSS,https://www.screener.in/company/MCLEODRUSS/consolidated/
SAIFL,https://www.screener.in/company/SAIFL/
DIVYADHAN,https://www.screener.in/company/DIVYADHAN/
DANGEE,https://www.screener.in/company/DANGEE/
MCON,https://www.screener.in/company/MCON/
ARIHANTACA,https://www.screener.in/company/ARIHANTACA/
CADSYS,https://www.screener.in/company/CADSYS/consolidated/
SAMBHAAV,https://www.screener.in/company/SAMBHAAV/consolidated/
DURLAX,https://www.screener.in/company/DURLAX/
CINEVISTA,https://www.screener.in/company/CINEVISTA/consolidated/
GLOBALPET,https://www.screener.in/company/GLOBALPET/
BIOFILCHEM,https://www.screener.in/company/BIOFILCHEM/
ARSHIYA,https://www.screener.in/company/ARSHIYA/consolidated/
MIEL,https://www.screener.in/company/MIEL/
NEELAM,https://www.screener.in/company/NEELAM/
ORIENTLTD,https://www.screener.in/company/ORIENTLTD/
DAMODARIND,https://www.screener.in/company/DAMODARIND/
SECMARK,https://www.screener.in/company/SECMARK/
ARVINDPORT,https://www.screener.in/company/ARVINDPORT/
ABHAPOWER,https://www.screener.in/company/ABHAPOWER/
MYMUDRA,https://www.screener.in/company/MYMUDRA/
21STCENMGM,https://www.screener.in/company/21STCENMGM/consolidated/
MOKSH,https://www.screener.in/company/MOKSH/
ONYX,https://www.screener.in/company/ONYX/
LCCINFOTEC,https://www.screener.in/company/LCCINFOTEC/consolidated/
RILINFRA,https://www.screener.in/company/RILINFRA/
DELTAMAGNT,https://www.screener.in/company/DELTAMAGNT/consolidated/
SATIPOLY,https://www.screener.in/company/SATIPOLY/
SLONE,https://www.screener.in/company/SLONE/
ASTRON,https://www.screener.in/company/ASTRON/
DIGJAMLMTD,https://www.screener.in/company/DIGJAMLMTD/
UNILEX,https://www.screener.in/company/UNILEX/
BLBLIMITED,https://www.screener.in/company/BLBLIMITED/
HISARMETAL,https://www.screener.in/company/HISARMETAL/
MHHL,https://www.screener.in/company/MHHL/
SIMBHALS,https://www.screener.in/company/SIMBHALS/
GANGAFORGE,https://www.screener.in/company/GANGAFORGE/
MEP,https://www.screener.in/company/MEP/
PRECISION,https://www.screener.in/company/PRECISION/
PROLIFE,https://www.screener.in/company/PROLIFE/
MALLCOM,https://www.screener.in/company/MALLCOM/consolidated/
GSMFOILS,https://www.screener.in/company/GSMFOILS/
DOLLEX,https://www.screener.in/company/DOLLEX/
FORGEAUTO,https://www.screener.in/company/FORGEAUTO/
AUROIMPEX,https://www.screener.in/company/AUROIMPEX/
ATALREAL,https://www.screener.in/company/ATALREAL/
SYNOPTICS,https://www.screener.in/company/SYNOPTICS/consolidated/
PPSL,https://www.screener.in/company/PPSL/
WOL3D,https://www.screener.in/company/WOL3D/
PRANIK,https://www.screener.in/company/PRANIK/
CLOUD,https://www.screener.in/company/CLOUD/consolidated/
SILKFLEX,https://www.screener.in/company/SILKFLEX/
AVSL,https://www.screener.in/company/AVSL/
531153,https://www.screener.in/company/531153/
ARABIAN,https://www.screener.in/company/ARABIAN/
MADHUCON,https://www.screener.in/company/MADHUCON/consolidated/
HBSL,https://www.screener.in/company/HBSL/consolidated/
PNCINFRA,https://www.screener.in/company/PNCINFRA/consolidated/
HOVS,https://www.screener.in/company/HOVS/consolidated/
CELEBRITY,https://www.screener.in/company/CELEBRITY/
ARCHIES,https://www.screener.in/company/ARCHIES/
SIDDHIKA,https://www.screener.in/company/SIDDHIKA/
KONTOR,https://www.screener.in/company/KONTOR/
AGROPHOS,https://www.screener.in/company/AGROPHOS/
PATTECH,https://www.screener.in/company/PATTECH/
BABAFP,https://www.screener.in/company/BABAFP/consolidated/
KARMAENG,https://www.screener.in/company/KARMAENG/
LEXUS,https://www.screener.in/company/LEXUS/
MAHICKRA,https://www.screener.in/company/MAHICKRA/
SERVICE,https://www.screener.in/company/SERVICE/
PRESSTONIC,https://www.screener.in/company/PRESSTONIC/
AGNI,https://www.screener.in/company/AGNI/
CLSL,https://www.screener.in/company/CLSL/
TREEHOUSE,https://www.screener.in/company/TREEHOUSE/
PREMIUM,https://www.screener.in/company/PREMIUM/
AKSHARCHEM,https://www.screener.in/company/AKSHARCHEM/
SAJHOTELS,https://www.screener.in/company/SAJHOTELS/consolidated/
OMFURN,https://www.screener.in/company/OMFURN/
RADIOWALLA,https://www.screener.in/company/RADIOWALLA/consolidated/
AROGRANITE,https://www.screener.in/company/AROGRANITE/
SVPGLOB,https://www.screener.in/company/SVPGLOB/consolidated/
DEEM,https://www.screener.in/company/DEEM/
BULKCORP,https://www.screener.in/company/BULKCORP/
KAVVERITEL,https://www.screener.in/company/KAVVERITEL/consolidated/
RELIABLE,https://www.screener.in/company/RELIABLE/consolidated/
AMEYA,https://www.screener.in/company/AMEYA/
AKIKO,https://www.screener.in/company/AKIKO/
MEDIORG,https://www.screener.in/company/MEDIORG/
TRIDHYA,https://www.screener.in/company/TRIDHYA/consolidated/
NIBL,https://www.screener.in/company/NIBL/
ARISTO,https://www.screener.in/company/ARISTO/
3PLAND,https://www.screener.in/company/3PLAND/consolidated/
PENTAGON,https://www.screener.in/company/PENTAGON/
BMETRICS,https://www.screener.in/company/BMETRICS/
QUICKTOUCH,https://www.screener.in/company/QUICKTOUCH/consolidated/
SHIVAMILLS,https://www.screener.in/company/SHIVAMILLS/
CPS,https://www.screener.in/company/CPS/
BALKRISHNA,https://www.screener.in/company/BALKRISHNA/
ROML,https://www.screener.in/company/ROML/
JFLLIFE,https://www.screener.in/company/JFLLIFE/
MBECL,https://www.screener.in/company/MBECL/consolidated/
BANG,https://www.screener.in/company/BANG/consolidated/
MALUPAPER,https://www.screener.in/company/MALUPAPER/
SITINET,https://www.screener.in/company/SITINET/consolidated/
BANARBEADS,https://www.screener.in/company/BANARBEADS/
WEWIN,https://www.screener.in/company/WEWIN/
HRHNEXT,https://www.screener.in/company/HRHNEXT/
SANGANI,https://www.screener.in/company/SANGANI/consolidated/
VISHWAS,https://www.screener.in/company/VISHWAS/
MARSHALL,https://www.screener.in/company/MARSHALL/
RCDL,https://www.screener.in/company/RCDL/
MAGSON,https://www.screener.in/company/MAGSON/consolidated/
KEEPLEARN,https://www.screener.in/company/KEEPLEARN/
REXPIPES,https://www.screener.in/company/REXPIPES/
VIAZ,https://www.screener.in/company/VIAZ/
MVKAGRO,https://www.screener.in/company/MVKAGRO/
VDEAL,https://www.screener.in/company/VDEAL/
JETFREIGHT,https://www.screener.in/company/JETFREIGHT/
SEYAIND,https://www.screener.in/company/SEYAIND/
FMNL,https://www.screener.in/company/FMNL/consolidated/
SHEETAL,https://www.screener.in/company/SHEETAL/consolidated/
SILGO,https://www.screener.in/company/SILGO/
GOLDENTOBC,https://www.screener.in/company/GOLDENTOBC/consolidated/
LFIC,https://www.screener.in/company/LFIC/
AMBANIORGO,https://www.screener.in/company/AMBANIORGO/consolidated/
VERTEXPLUS,https://www.screener.in/company/VERTEXPLUS/consolidated/
MILTON,https://www.screener.in/company/MILTON/
MANUGRAPH,https://www.screener.in/company/MANUGRAPH/
ORIENTALTL,https://www.screener.in/company/ORIENTALTL/
RKDL,https://www.screener.in/company/RKDL/
UMAEXPORTS,https://www.screener.in/company/UMAEXPORTS/consolidated/
VSCL,https://www.screener.in/company/VSCL/
SUPREMEENG,https://www.screener.in/company/SUPREMEENG/
DNAMEDIA,https://www.screener.in/company/DNAMEDIA/
ROLLT,https://www.screener.in/company/ROLLT/consolidated/
YUDIZ,https://www.screener.in/company/YUDIZ/
540654,https://www.screener.in/company/540654/
UCL,https://www.screener.in/company/UCL/consolidated/
SIGNORIA,https://www.screener.in/company/SIGNORIA/
ITALIANE,https://www.screener.in/company/ITALIANE/
COMMITTED,https://www.screener.in/company/COMMITTED/
AKG,https://www.screener.in/company/AKG/consolidated/
JAIPURKURT,https://www.screener.in/company/JAIPURKURT/consolidated/
MONOPHARMA,https://www.screener.in/company/MONOPHARMA/consolidated/
PHOGLOBAL,https://www.screener.in/company/PHOGLOBAL/
BURNPUR,https://www.screener.in/company/BURNPUR/
GODHA,https://www.screener.in/company/GODHA/
ROLTA,https://www.screener.in/company/ROLTA/consolidated/
VELS,https://www.screener.in/company/VELS/consolidated/
QVCEL,https://www.screener.in/company/QVCEL/consolidated/
MFML,https://www.screener.in/company/MFML/consolidated/
AGARWALFT,https://www.screener.in/company/AGARWALFT/
ABMINTLLTD,https://www.screener.in/company/ABMINTLLTD/consolidated/
TVVISION,https://www.screener.in/company/TVVISION/
AKASH,https://www.screener.in/company/AKASH/consolidated/
SPPPOLY,https://www.screener.in/company/SPPPOLY/
KTL,https://www.screener.in/company/KTL/
PEARLPOLY,https://www.screener.in/company/PEARLPOLY/
UWCSL,https://www.screener.in/company/UWCSL/
AATMAJ,https://www.screener.in/company/AATMAJ/
CELLPOINT,https://www.screener.in/company/CELLPOINT/
PARAMOUNT,https://www.screener.in/company/PARAMOUNT/
DKEGL,https://www.screener.in/company/DKEGL/consolidated/
WINNY,https://www.screener.in/company/WINNY/
LRRPL,https://www.screener.in/company/LRRPL/
SUPERSPIN,https://www.screener.in/company/SUPERSPIN/
ICDSLTD,https://www.screener.in/company/ICDSLTD/consolidated/
LAXMICOT,https://www.screener.in/company/LAXMICOT/
VISAMAN,https://www.screener.in/company/VISAMAN/
MICROPRO,https://www.screener.in/company/MICROPRO/
KANANIIND,https://www.screener.in/company/KANANIIND/consolidated/
GTECJAINX,https://www.screener.in/company/GTECJAINX/consolidated/
THESL,https://www.screener.in/company/THESL/
ASHOKAMET,https://www.screener.in/company/ASHOKAMET/consolidated/
524604,https://www.screener.in/company/524604/
KSHITIJPOL,https://www.screener.in/company/KSHITIJPOL/consolidated/
ANKITMETAL,https://www.screener.in/company/ANKITMETAL/
531109,https://www.screener.in/company/531109/
HOACFOODS,https://www.screener.in/company/HOACFOODS/
VINEETLAB,https://www.screener.in/company/VINEETLAB/
IDEALTECHO,https://www.screener.in/company/IDEALTECHO/
KALANA,https://www.screener.in/company/KALANA/
COUNCODOS,https://www.screener.in/company/COUNCODOS/
SRPL,https://www.screener.in/company/SRPL/
TECHIN,https://www.screener.in/company/TECHIN/
NEXTMEDIA,https://www.screener.in/company/NEXTMEDIA/consolidated/
AILIMITED,https://www.screener.in/company/AILIMITED/
MEGAFLEX,https://www.screener.in/company/MEGAFLEX/
SHRENIK,https://www.screener.in/company/SHRENIK/
SONUINFRA,https://www.screener.in/company/SONUINFRA/
NARMADA,https://www.screener.in/company/NARMADA/
NGIL,https://www.screener.in/company/NGIL/
BINANIIND,https://www.screener.in/company/BINANIIND/consolidated/
TAPIFRUIT,https://www.screener.in/company/TAPIFRUIT/
WALPAR,https://www.screener.in/company/WALPAR/consolidated/
PODDARHOUS,https://www.screener.in/company/PODDARHOUS/consolidated/
AMBICAAGAR,https://www.screener.in/company/AMBICAAGAR/
526544,https://www.screener.in/company/526544/
TNTELE,https://www.screener.in/company/TNTELE/
PERFECT,https://www.screener.in/company/PERFECT/
MANDEEP,https://www.screener.in/company/MANDEEP/
TIMESCAN,https://www.screener.in/company/TIMESCAN/
531067,https://www.screener.in/company/531067/
SAGARDEEP,https://www.screener.in/company/SAGARDEEP/
ADROITINFO,https://www.screener.in/company/ADROITINFO/consolidated/
MADHAV,https://www.screener.in/company/MADHAV/consolidated/
TARAPUR,https://www.screener.in/company/TARAPUR/
JETKNIT,https://www.screener.in/company/JETKNIT/
FLFL,https://www.screener.in/company/FLFL/consolidated/
KKVAPOW,https://www.screener.in/company/KKVAPOW/
LIBAS,https://www.screener.in/company/LIBAS/consolidated/
ASLIND,https://www.screener.in/company/ASLIND/
KHANDSE,https://www.screener.in/company/KHANDSE/
TGBHOTELS,https://www.screener.in/company/TGBHOTELS/
MASKINVEST,https://www.screener.in/company/MASKINVEST/
TECILCHEM,https://www.screener.in/company/TECILCHEM/
ATLASCYCLE,https://www.screener.in/company/ATLASCYCLE/
GATECH,https://www.screener.in/company/GATECH/
NIDAN,https://www.screener.in/company/NIDAN/
BIRDYS,https://www.screener.in/company/BIRDYS/
ARSSINFRA,https://www.screener.in/company/ARSSINFRA/consolidated/
KRIDHANINF,https://www.screener.in/company/KRIDHANINF/consolidated/
KHAITANLTD,https://www.screener.in/company/KHAITANLTD/
YCCL,https://www.screener.in/company/YCCL/consolidated/
GAJANAND,https://www.screener.in/company/GAJANAND/
VERANDA,https://www.screener.in/company/VERANDA/consolidated/
INSPIRE,https://www.screener.in/company/INSPIRE/
CYBERMEDIA,https://www.screener.in/company/CYBERMEDIA/consolidated/
MOHITIND,https://www.screener.in/company/MOHITIND/consolidated/
SANGINITA,https://www.screener.in/company/SANGINITA/
BIKEWO,https://www.screener.in/company/BIKEWO/
VIJIFIN,https://www.screener.in/company/VIJIFIN/
MORARJEE,https://www.screener.in/company/MORARJEE/
SUMEETINDS,https://www.screener.in/company/SUMEETINDS/consolidated/
WILLAMAGOR,https://www.screener.in/company/WILLAMAGOR/
UNIINFO,https://www.screener.in/company/UNIINFO/
VERITAAS,https://www.screener.in/company/VERITAAS/
MITTAL,https://www.screener.in/company/MITTAL/
JIWANRAM,https://www.screener.in/company/JIWANRAM/
GLOBALE,https://www.screener.in/company/GLOBALE/
HYBRIDFIN,https://www.screener.in/company/HYBRIDFIN/consolidated/
MOXSH,https://www.screener.in/company/MOXSH/
HAVISHA,https://www.screener.in/company/HAVISHA/
TIJARIA,https://www.screener.in/company/TIJARIA/
NAGREEKCAP,https://www.screener.in/company/NAGREEKCAP/
SHANTHALA,https://www.screener.in/company/SHANTHALA/
506981,https://www.screener.in/company/506981/
KANDARP,https://www.screener.in/company/KANDARP/
MAKS,https://www.screener.in/company/MAKS/
SPRL,https://www.screener.in/company/SPRL/
CMRSL,https://www.screener.in/company/CMRSL/consolidated/
FELIX,https://www.screener.in/company/FELIX/consolidated/
SANWARIA,https://www.screener.in/company/SANWARIA/consolidated/
GOENKA,https://www.screener.in/company/GOENKA/consolidated/
INFOMEDIA,https://www.screener.in/company/INFOMEDIA/
POLYSIL,https://www.screener.in/company/POLYSIL/
ACEINTEG,https://www.screener.in/company/ACEINTEG/
NKIND,https://www.screener.in/company/NKIND/consolidated/
DHTL,https://www.screener.in/company/DHTL/consolidated/
SUULD,https://www.screener.in/company/SUULD/consolidated/
KAUSHALYA,https://www.screener.in/company/KAUSHALYA/consolidated/
OLIL,https://www.screener.in/company/OLIL/
GAYAHWS,https://www.screener.in/company/GAYAHWS/consolidated/
AGUL,https://www.screener.in/company/AGUL/
MARINETRAN,https://www.screener.in/company/MARINETRAN/consolidated/
CBAZAAR,https://www.screener.in/company/CBAZAAR/consolidated/
VIVIDHA,https://www.screener.in/company/VIVIDHA/
EXCELLENT,https://www.screener.in/company/EXCELLENT/
SABAR,https://www.screener.in/company/SABAR/
MINDPOOL,https://www.screener.in/company/MINDPOOL/consolidated/
CALSOFT,https://www.screener.in/company/CALSOFT/consolidated/
IMPEXFERRO,https://www.screener.in/company/IMPEXFERRO/
QFIL,https://www.screener.in/company/QFIL/
FALCONTECH,https://www.screener.in/company/FALCONTECH/
RETAIL,https://www.screener.in/company/RETAIL/
HEADSUP,https://www.screener.in/company/HEADSUP/
QUADPRO,https://www.screener.in/company/QUADPRO/
EDUCOMP,https://www.screener.in/company/EDUCOMP/
GUJRAFFIA,https://www.screener.in/company/GUJRAFFIA/
VILINBIO,https://www.screener.in/company/VILINBIO/
WINSOME,https://www.screener.in/company/WINSOME/
COMPINFO,https://www.screener.in/company/COMPINFO/consolidated/
ANTGRAPHIC,https://www.screener.in/company/ANTGRAPHIC/
SHUBHLAXMI,https://www.screener.in/company/SHUBHLAXMI/
BOSS,https://www.screener.in/company/BOSS/
GFSTEELS,https://www.screener.in/company/GFSTEELS/
BALCO,https://www.screener.in/company/BALCO/
SUNREST,https://www.screener.in/company/SUNREST/
PLADAINFO,https://www.screener.in/company/PLADAINFO/
MTEDUCARE,https://www.screener.in/company/MTEDUCARE/consolidated/
SECURCRED,https://www.screener.in/company/SECURCRED/
ONELIFECAP,https://www.screener.in/company/ONELIFECAP/consolidated/
INDIFRA,https://www.screener.in/company/INDIFRA/
SILLYMONKS,https://www.screener.in/company/SILLYMONKS/
SAHAJSOLAR,https://www.screener.in/company/SAHAJSOLAR/consolidated/
AHIMSA,https://www.screener.in/company/AHIMSA/
LYPSAGEMS,https://www.screener.in/company/LYPSAGEMS/consolidated/
BOHRAIND,https://www.screener.in/company/BOHRAIND/
RADAAN,https://www.screener.in/company/RADAAN/consolidated/
GLFL,https://www.screener.in/company/GLFL/
SHYAMTEL,https://www.screener.in/company/SHYAMTEL/
SAROJA,https://www.screener.in/company/SAROJA/
RICHA,https://www.screener.in/company/RICHA/
NORBTEAEXP,https://www.screener.in/company/NORBTEAEXP/
UMESLTD,https://www.screener.in/company/UMESLTD/consolidated/
RITEZONE,https://www.screener.in/company/RITEZONE/
SYNGENE,https://www.screener.in/company/SYNGENE/consolidated/
544059,https://www.screener.in/company/544059/
TCIFINANCE,https://www.screener.in/company/TCIFINANCE/
OMKARCHEM,https://www.screener.in/company/OMKARCHEM/
MPTODAY,https://www.screener.in/company/MPTODAY/
BRIGHTBROS,https://www.screener.in/company/BRIGHTBROS/
TRANSWIND,https://www.screener.in/company/TRANSWIND/
ORTINGLOBE,https://www.screener.in/company/ORTINGLOBE/
ARENTERP,https://www.screener.in/company/ARENTERP/
VCL,https://www.screener.in/company/VCL/
511509,https://www.screener.in/company/511509/consolidated/
AMJUMBO,https://www.screener.in/company/AMJUMBO/
ALPSINDUS,https://www.screener.in/company/ALPSINDUS/consolidated/
AMIABLE,https://www.screener.in/company/AMIABLE/
MANAV,https://www.screener.in/company/MANAV/
JAKHARIA,https://www.screener.in/company/JAKHARIA/consolidated/
DCMFINSERV,https://www.screener.in/company/DCMFINSERV/consolidated/
CREATIVEYE,https://www.screener.in/company/CREATIVEYE/
SABEVENTS,https://www.screener.in/company/SABEVENTS/
SMVD,https://www.screener.in/company/SMVD/consolidated/
BLUECOAST,https://www.screener.in/company/BLUECOAST/consolidated/
531553,https://www.screener.in/company/531553/
PREMIERENE,https://www.screener.in/company/PREMIERENE/consolidated/
NIRAJISPAT,https://www.screener.in/company/NIRAJISPAT/
UNIVAFOODS,https://www.screener.in/company/UNIVAFOODS/
EUROTEXIND,https://www.screener.in/company/EUROTEXIND/
FSC,https://www.screener.in/company/FSC/
SETUINFRA,https://www.screener.in/company/SETUINFRA/
ACCORD,https://www.screener.in/company/ACCORD/
BKMINDST,https://www.screener.in/company/BKMINDST/consolidated/
CMICABLES,https://www.screener.in/company/CMICABLES/
ITTL,https://www.screener.in/company/ITTL/
JALAN,https://www.screener.in/company/JALAN/
LAKPRE,https://www.screener.in/company/LAKPRE/
MELSTAR,https://www.screener.in/company/MELSTAR/consolidated/
543897,https://www.screener.in/company/543897/consolidated/
ORTEL,https://www.screener.in/company/ORTEL/
BGLOBAL,https://www.screener.in/company/BGLOBAL/consolidated/
QUINTEGRA,https://www.screener.in/company/QUINTEGRA/
GANGOTRI,https://www.screener.in/company/GANGOTRI/
CMMIPL,https://www.screener.in/company/CMMIPL/
DENTALKART,https://www.screener.in/company/DENTALKART/
RAJVIR,https://www.screener.in/company/RAJVIR/
